Name,DexOrder,SpeciesTag,SpeciesName,SpeciesTitle,AnatomyConcept,Diet,SocialBehavior,Temperament,HabitatBiomeTag,ActivityCycleTag,PrimaryElement,ElementalAffinities,Role,BaseMaxHealth,BaseAttackPower,BaseDefensePower,BaseStamina,BaseWalkSpeed,BaseRunSpeed,CaptureDifficultyModifier,WorkSuitabilityLevels,WorkSuitabilityTags,PassiveTraitTags,ActiveSkillTags,ActiveSkillElementTags,ActiveSkillCooldowns,ActiveSkillDamageMultipliers,ActiveSkillTelegraphs,PartnerSkillTag,MountedWeaponTag,DropItemTags,DropItemQuantities,ParentSpeciesA,ParentSpeciesB
MasterEcho_001_Terradon,1,Echo.Terradon,Terradon,PrimordialMegafauna HerdHerbivore,Original primordialmegafauna anatomy built around terradon ecological silhouette; not a palette variant.,Carnivore,HerdHerbivore,Territorial,Biome.ScorchedObsidianCaldera,Activity.Diurnal,Geo,(Geo),Combat,324.0,26.0,19.0,120.0,193.0,279.8,0.95,"(0,2,0,2,0,0,0,0,0,0,0,0)","(Work.Gathering,Work.Kindling)","(Trait.Sturdy,Trait.Alert)","(Skill.Terradon.Signature,Skill.Terradon.Utility,Skill.Terradon.Ultimate)","(Element.Geo,Element.Geo,Element.Geo)","(2.5,5.8,13.5)","(0.75,1.02,1.58)","(0.25,0.55,1.05)",Partner.Terradon,MountWeapon.Terradon,"(Item.Meat,Item.Fiber,Item.GeoOrgan)","(2,3,2)",,
MasterEcho_002_Glacisaur,2,Echo.Glacisaur,Glacisaur,PrimordialMegafauna HerdHerbivore,Original primordialmegafauna anatomy built around glacisaur ecological silhouette; not a palette variant.,Carnivore,HerdHerbivore,Territorial,Biome.ScorchedObsidianCaldera,Activity.Crepscular,Geo,(Geo),Combat,329.8,26.2,19.1,120.6,206.0,298.7,0.95,"(0,0,3,0,0,0,3,0,0,0,0,0)","(Work.Farming,Work.Crafting)","(Trait.Sturdy,Trait.Alert)","(Skill.Glacisaur.Signature,Skill.Glacisaur.Utility,Skill.Glacisaur.Ultimate)","(Element.Geo,Element.Geo,Element.Geo)","(3.0,6.6,15.0)","(0.75,1.02,1.58)","(0.3,0.65,1.2)",Partner.Glacisaur,MountWeapon.Glacisaur,"(Item.Meat,Item.Fiber,Item.GeoOrgan)","(3,4,1)",,
MasterEcho_003_Ignisaur,3,Echo.Ignisaur,Ignisaur,PrimordialMegafauna HerdHerbivore,Original primordialmegafauna anatomy built around ignisaur ecological silhouette; not a palette variant.,Omnivore,HerdHerbivore,Territorial,Biome.ScorchedObsidianCaldera,Activity.Diurnal,Geo,(Geo),Combat,335.8,26.3,19.3,121.2,219.0,317.6,0.95,"(0,0,0,4,0,0,0,0,0,4,0,0)","(Work.Kindling,Work.Medicine)","(Trait.Sturdy,Trait.Alert)","(Skill.Ignisaur.Signature,Skill.Ignisaur.Utility,Skill.Ignisaur.Ultimate)","(Element.Geo,Element.Geo,Element.Geo)","(3.5,7.4,16.5)","(0.75,1.02,1.59)","(0.35,0.45,1.35)",Partner.Ignisaur,MountWeapon.Ignisaur,"(Item.Meat,Item.Fiber,Item.GeoOrgan)","(1,5,2)",,
MasterEcho_004_Titanus,4,Echo.Titanus,Titanus,PrimordialMegafauna HerdHerbivore,Original primordialmegafauna anatomy built around titanus ecological silhouette; not a palette variant.,Carnivore,HerdHerbivore,Territorial,Biome.ScorchedObsidianCaldera,Activity.Nocturnal,Geo,(Geo),Combat,341.9,26.5,19.4,121.8,232.0,336.4,0.96,"(1,0,0,0,1,0,0,0,0,0,0,0)","(Work.Mining,Work.Building)","(Trait.Sturdy,Trait.Alert)","(Skill.Titanus.Signature,Skill.Titanus.Utility,Skill.Titanus.Ultimate)","(Element.Geo,Element.Geo,Element.Geo)","(4.0,8.2,18.0)","(0.76,1.03,1.59)","(0.2,0.55,0.9)",Partner.Titanus,MountWeapon.Titanus,"(Item.Meat,Item.Fiber,Item.GeoOrgan)","(2,6,1)",,
MasterEcho_005_Verdantor,5,Echo.Verdantor,Verdantor,PrimordialMegafauna HerdHerbivore,Original primordialmegafauna anatomy built around verdantor ecological silhouette; not a palette variant.,Carnivore,HerdHerbivore,Territorial,Biome.ScorchedObsidianCaldera,Activity.Diurnal,Geo,"(Geo,Glacial)",Combat,348.1,26.6,19.6,122.4,245.0,355.2,0.96,"(0,0,0,2,0,2,0,0,0,0,0,0)","(Work.Kindling,Work.Cooling)","(Trait.Sturdy,Trait.Alert)","(Skill.Verdantor.Signature,Skill.Verdantor.Utility,Skill.Verdantor.Ultimate)","(Element.Geo,Element.Glacial,Element.Geo)","(2.0,9.0,19.5)","(0.76,1.03,1.59)","(0.25,0.65,1.05)",Partner.Verdantor,MountWeapon.Verdantor,"(Item.Meat,Item.Fiber,Item.GeoOrgan)","(3,2,2)",,
MasterEcho_006_Craghorn,6,Echo.Craghorn,Craghorn,PrimordialMegafauna HerdHerbivore,Original primordialmegafauna anatomy built around craghorn ecological silhouette; not a palette variant.,Omnivore,HerdHerbivore,Territorial,Biome.ScorchedObsidianCaldera,Activity.Crepscular,Geo,(Geo),Combat,354.4,26.8,19.7,123.0,258.0,374.1,0.96,"(0,0,0,0,0,0,3,0,0,0,0,0)",(Work.Crafting),"(Trait.Sturdy,Trait.Alert)","(Skill.Craghorn.Signature,Skill.Craghorn.Utility,Skill.Craghorn.Ultimate)","(Element.Geo,Element.Geo,Element.Geo)","(2.5,9.8,21.0)","(0.76,1.03,1.6)","(0.3,0.45,1.2)",Partner.Craghorn,MountWeapon.Craghorn,"(Item.Meat,Item.Fiber,Item.GeoOrgan)","(1,3,1)",,
MasterEcho_007_Thunderhide,7,Echo.Thunderhide,Thunderhide,PrimordialMegafauna HerdHerbivore,Original primordialmegafauna anatomy built around thunderhide ecological silhouette; not a palette variant.,Carnivore,HerdHerbivore,Territorial,Biome.ScorchedObsidianCaldera,Activity.Diurnal,Geo,(Geo),Combat,360.8,27.0,19.8,123.6,271.0,392.9,0.96,"(0,0,0,0,0,0,0,4,0,4,0,0)","(Work.Transport,Work.Medicine)","(Trait.Sturdy,Trait.Alert)","(Skill.Thunderhide.Signature,Skill.Thunderhide.Utility,Skill.Thunderhide.Ultimate)","(Element.Geo,Element.Geo,Element.Geo)","(3.0,5.0,22.5)","(0.76,1.03,1.6)","(0.35,0.55,1.35)",Partner.Thunderhide,MountWeapon.Thunderhide,"(Item.Meat,Item.Fiber,Item.GeoOrgan)","(2,4,2)",,
MasterEcho_008_Stegocryst,8,Echo.Stegocryst,Stegocryst,PrimordialMegafauna HerdHerbivore,Original primordialmegafauna anatomy built around stegocryst ecological silhouette; not a palette variant.,Carnivore,HerdHerbivore,Territorial,Biome.ScorchedObsidianCaldera,Activity.Nocturnal,Geo,(Geo),Combat,367.4,27.1,20.0,124.2,284.0,411.8,0.96,"(1,0,0,0,0,0,0,0,1,0,0,0)","(Work.Mining,Work.Generator)","(Trait.Sturdy,Trait.Alert)","(Skill.Stegocryst.Signature,Skill.Stegocryst.Utility,Skill.Stegocryst.Ultimate)","(Element.Geo,Element.Geo,Element.Geo)","(3.5,5.8,24.0)","(0.76,1.04,1.61)","(0.2,0.65,0.9)",Partner.Stegocryst,MountWeapon.Stegocryst,"(Item.Meat,Item.Fiber,Item.GeoOrgan)","(3,5,1)",,
MasterEcho_009_Frostbrunt,9,Echo.Frostbrunt,Frostbrunt,PrimordialMegafauna HerdHerbivore,Original primordialmegafauna anatomy built around frostbrunt ecological silhouette; not a palette variant.,Omnivore,HerdHerbivore,Territorial,Biome.ScorchedObsidianCaldera,Activity.Diurnal,Geo,(Geo),Combat,374.0,27.3,20.1,124.8,180.0,261.0,0.97,"(0,0,0,2,0,0,0,0,0,2,0,0)","(Work.Kindling,Work.Medicine)","(Trait.Sturdy,Trait.Alert)","(Skill.Frostbrunt.Signature,Skill.Frostbrunt.Utility,Skill.Frostbrunt.Ultimate)","(Element.Geo,Element.Geo,Element.Geo)","(4.0,6.6,12.0)","(0.77,1.04,1.61)","(0.25,0.45,1.05)",Partner.Frostbrunt,MountWeapon.Frostbrunt,"(Item.Meat,Item.Fiber,Item.GeoOrgan)","(1,6,2)",,
MasterEcho_010_Cinderbeast,10,Echo.Cinderbeast,Cinderbeast,PrimordialMegafauna HerdHerbivore,Original primordialmegafauna anatomy built around cinderbeast ecological silhouette; not a palette variant.,Carnivore,HerdHerbivore,Territorial,Biome.ScorchedObsidianCaldera,Activity.Crepscular,Geo,"(Geo,Torrent)",Combat,380.8,27.4,20.3,125.4,193.0,279.8,0.97,"(0,0,0,0,0,0,3,0,0,0,3,0)","(Work.Crafting,Work.Watering)","(Trait.Sturdy,Trait.Alert)","(Skill.Cinderbeast.Signature,Skill.Cinderbeast.Utility,Skill.Cinderbeast.Ultimate)","(Element.Geo,Element.Torrent,Element.Geo)","(2.0,7.4,13.5)","(0.77,1.04,1.61)","(0.3,0.55,1.2)",Partner.Cinderbeast,MountWeapon.Cinderbeast,"(Item.Meat,Item.Fiber,Item.GeoOrgan)","(2,2,1)",,
MasterEcho_011_Gravegorg,11,Echo.Gravegorg,Gravegorg,PrimordialMegafauna HerdHerbivore,Original primordialmegafauna anatomy built around gravegorg ecological silhouette; not a palette variant.,Carnivore,HerdHerbivore,Territorial,Biome.ScorchedObsidianCaldera,Activity.Diurnal,Geo,(Geo),Combat,387.7,27.6,20.4,126.0,206.0,298.7,0.97,"(0,0,0,0,0,0,0,0,0,4,0,4)","(Work.Medicine,Work.Handiwork)","(Trait.Sturdy,Trait.Alert)","(Skill.Gravegorg.Signature,Skill.Gravegorg.Utility,Skill.Gravegorg.Ultimate)","(Element.Geo,Element.Geo,Element.Geo)","(2.5,8.2,15.0)","(0.77,1.04,1.62)","(0.35,0.65,1.35)",Partner.Gravegorg,MountWeapon.Gravegorg,"(Item.Meat,Item.Fiber,Item.GeoOrgan)","(3,3,2)",,
MasterEcho_012_Amberhorn,12,Echo.Amberhorn,Amberhorn,PrimordialMegafauna HerdHerbivore,Original primordialmegafauna anatomy built around amberhorn ecological silhouette; not a palette variant.,Omnivore,HerdHerbivore,Territorial,Biome.ScorchedObsidianCaldera,Activity.Nocturnal,Geo,(Geo),Combat,394.7,27.8,20.5,126.6,219.0,317.6,0.97,"(1,0,0,0,0,0,0,0,0,0,0,0)",(Work.Mining),"(Trait.Sturdy,Trait.Alert)","(Skill.Amberhorn.Signature,Skill.Amberhorn.Utility,Skill.Amberhorn.Ultimate)","(Element.Geo,Element.Geo,Element.Geo)","(3.0,9.0,16.5)","(0.77,1.05,1.62)","(0.2,0.45,0.9)",Partner.Amberhorn,MountWeapon.Amberhorn,"(Item.Meat,Item.Fiber,Item.GeoOrgan)","(1,4,1)",,
MasterEcho_013_Spirebehemoth,13,Echo.Spirebehemoth,Spirebehemoth,PrimordialMegafauna HerdHerbivore,Original primordialmegafauna anatomy built around spirebehemoth ecological silhouette; not a palette variant.,Carnivore,HerdHerbivore,Territorial,Biome.ScorchedObsidianCaldera,Activity.Diurnal,Geo,(Geo),Combat,401.8,27.9,20.7,127.2,232.0,336.4,0.97,"(0,2,0,2,0,0,0,0,0,0,0,0)","(Work.Gathering,Work.Kindling)","(Trait.Sturdy,Trait.Alert)","(Skill.Spirebehemoth.Signature,Skill.Spirebehemoth.Utility,Skill.Spirebehemoth.Ultimate)","(Element.Geo,Element.Geo,Element.Geo)","(3.5,9.8,18.0)","(0.77,1.05,1.62)","(0.25,0.55,1.05)",Partner.Spirebehemoth,MountWeapon.Spirebehemoth,"(Item.Meat,Item.Fiber,Item.GeoOrgan)","(2,5,2)",,
MasterEcho_014_Mossback,14,Echo.Mossback,Mossback,PrimordialMegafauna HerdHerbivore,Original primordialmegafauna anatomy built around mossback ecological silhouette; not a palette variant.,Carnivore,HerdHerbivore,Territorial,Biome.ScorchedObsidianCaldera,Activity.Crepscular,Geo,(Geo),Combat,409.1,28.1,20.8,127.8,245.0,355.2,0.98,"(0,0,3,0,0,0,3,0,0,0,0,0)","(Work.Farming,Work.Crafting)","(Trait.Sturdy,Trait.Alert)","(Skill.Mossback.Signature,Skill.Mossback.Utility,Skill.Mossback.Ultimate)","(Element.Geo,Element.Geo,Element.Geo)","(4.0,5.0,19.5)","(0.78,1.05,1.63)","(0.3,0.65,1.2)",Partner.Mossback,MountWeapon.Mossback,"(Item.Meat,Item.Fiber,Item.GeoOrgan)","(3,6,1)",,
MasterEcho_015_Ironhide,15,Echo.Ironhide,Ironhide,PrimordialMegafauna HerdHerbivore,Original primordialmegafauna anatomy built around ironhide ecological silhouette; not a palette variant.,Omnivore,HerdHerbivore,Territorial,Biome.ScorchedObsidianCaldera,Activity.Diurnal,Geo,"(Geo,Astra)",Combat,416.4,28.3,21.0,128.4,258.0,374.1,0.98,"(0,0,0,4,0,0,0,0,0,4,0,0)","(Work.Kindling,Work.Medicine)","(Trait.Sturdy,Trait.Alert)","(Skill.Ironhide.Signature,Skill.Ironhide.Utility,Skill.Ironhide.Ultimate)","(Element.Geo,Element.Astra,Element.Geo)","(2.0,5.8,21.0)","(0.78,1.05,1.63)","(0.35,0.45,1.35)",Partner.Ironhide,MountWeapon.Ironhide,"(Item.Meat,Item.Fiber,Item.GeoOrgan)","(1,2,2)",,
MasterEcho_016_Rootcolossus,16,Echo.Rootcolossus,Rootcolossus,PrimordialMegafauna HerdHerbivore,Original primordialmegafauna anatomy built around rootcolossus ecological silhouette; not a palette variant.,Carnivore,HerdHerbivore,Territorial,Biome.ScorchedObsidianCaldera,Activity.Nocturnal,Geo,(Geo),Combat,423.9,28.4,21.1,129.0,271.0,392.9,0.98,"(1,0,0,0,1,0,0,0,0,0,0,0)","(Work.Mining,Work.Building)","(Trait.Sturdy,Trait.Alert)","(Skill.Rootcolossus.Signature,Skill.Rootcolossus.Utility,Skill.Rootcolossus.Ultimate)","(Element.Geo,Element.Geo,Element.Geo)","(2.5,6.6,22.5)","(0.78,1.06,1.63)","(0.2,0.55,0.9)",Partner.Rootcolossus,MountWeapon.Rootcolossus,"(Item.Meat,Item.Fiber,Item.GeoOrgan)","(2,3,1)",,
MasterEcho_017_Quakehorn,17,Echo.Quakehorn,Quakehorn,PrimordialMegafauna HerdHerbivore,Original primordialmegafauna anatomy built around quakehorn ecological silhouette; not a palette variant.,Carnivore,HerdHerbivore,Territorial,Biome.ScorchedObsidianCaldera,Activity.Diurnal,Geo,(Geo),Combat,431.5,28.6,21.3,129.6,284.0,411.8,0.98,"(0,0,0,2,0,2,0,0,0,0,0,0)","(Work.Kindling,Work.Cooling)","(Trait.Sturdy,Trait.Alert)","(Skill.Quakehorn.Signature,Skill.Quakehorn.Utility,Skill.Quakehorn.Ultimate)","(Element.Geo,Element.Geo,Element.Geo)","(3.0,7.4,24.0)","(0.78,1.06,1.64)","(0.25,0.65,1.05)",Partner.Quakehorn,MountWeapon.Quakehorn,"(Item.Meat,Item.Fiber,Item.GeoOrgan)","(3,4,2)",,
MasterEcho_018_Dawnmammoth,18,Echo.Dawnmammoth,Dawnmammoth,PrimordialMegafauna HerdHerbivore,Original primordialmegafauna anatomy built around dawnmammoth ecological silhouette; not a palette variant.,Omnivore,HerdHerbivore,Territorial,Biome.ScorchedObsidianCaldera,Activity.Crepscular,Geo,(Geo),Combat,439.2,28.7,21.4,130.3,180.0,261.0,0.98,"(0,0,0,0,0,0,3,0,0,0,0,0)",(Work.Crafting),"(Trait.Sturdy,Trait.Alert)","(Skill.Dawnmammoth.Signature,Skill.Dawnmammoth.Utility,Skill.Dawnmammoth.Ultimate)","(Element.Geo,Element.Geo,Element.Geo)","(3.5,8.2,12.0)","(0.78,1.06,1.64)","(0.3,0.45,1.2)",Partner.Dawnmammoth,MountWeapon.Dawnmammoth,"(Item.Meat,Item.Fiber,Item.GeoOrgan)","(1,5,1)",,
MasterEcho_019_Emberback,19,Echo.Emberback,Emberback,PrimordialMegafauna HerdHerbivore,Original primordialmegafauna anatomy built around emberback ecological silhouette; not a palette variant.,Carnivore,HerdHerbivore,Territorial,Biome.ScorchedObsidianCaldera,Activity.Diurnal,Geo,(Geo),Combat,447.1,28.9,21.5,130.9,193.0,279.8,0.99,"(0,0,0,0,0,0,0,4,0,4,0,0)","(Work.Transport,Work.Medicine)","(Trait.Sturdy,Trait.Alert)","(Skill.Emberback.Signature,Skill.Emberback.Utility,Skill.Emberback.Ultimate)","(Element.Geo,Element.Geo,Element.Geo)","(4.0,9.0,13.5)","(0.79,1.06,1.65)","(0.35,0.55,1.35)",Partner.Emberback,MountWeapon.Emberback,"(Item.Meat,Item.Fiber,Item.GeoOrgan)","(2,6,2)",,
MasterEcho_020_Stonegrazer,20,Echo.Stonegrazer,Stonegrazer,PrimordialMegafauna HerdHerbivore,Original primordialmegafauna anatomy built around stonegrazer ecological silhouette; not a palette variant.,Carnivore,HerdHerbivore,Territorial,Biome.ScorchedObsidianCaldera,Activity.Nocturnal,Geo,"(Geo,Volt)",Combat,455.0,29.1,21.7,131.5,206.0,298.7,0.99,"(1,0,0,0,0,0,0,0,1,0,0,0)","(Work.Mining,Work.Generator)","(Trait.Sturdy,Trait.Alert)","(Skill.Stonegrazer.Signature,Skill.Stonegrazer.Utility,Skill.Stonegrazer.Ultimate)","(Element.Geo,Element.Volt,Element.Geo)","(2.0,9.8,15.0)","(0.79,1.07,1.65)","(0.2,0.65,0.9)",Partner.Stonegrazer,MountWeapon.Stonegrazer,"(Item.Meat,Item.Fiber,Item.GeoOrgan)","(3,2,1)",,
MasterEcho_021_Volthound,21,Echo.Volthound,Volthound,ApexPredators PackHunter,Original apexpredators anatomy built around volthound ecological silhouette; not a palette variant.,Omnivore,PackHunter,Territorial,Biome.SylvanRainforest,Activity.Diurnal,Abyssal,(Abyssal),Combat,463.1,29.2,21.8,132.1,219.0,361.3,0.99,"(0,0,0,0,3,0,0,0,0,0,3,0)","(Work.Building,Work.Watering)","(Trait.Sturdy,Trait.Alert)","(Skill.Volthound.Signature,Skill.Volthound.Utility,Skill.Volthound.Ultimate)","(Element.Abyssal,Element.Abyssal,Element.Abyssal)","(2.5,5.0,16.5)","(0.79,1.07,1.65)","(0.25,0.45,1.05)",Partner.Volthound,MountWeapon.Volthound,"(Item.Meat,Item.Fiber,Item.AbyssalOrgan)","(1,3,2)",,
MasterEcho_022_Cinderclaw,22,Echo.Cinderclaw,Cinderclaw,ApexPredators PackHunter,Original apexpredators anatomy built around cinderclaw ecological silhouette; not a palette variant.,Carnivore,PackHunter,Territorial,Biome.SylvanRainforest,Activity.Crepscular,Abyssal,(Abyssal),Combat,471.2,29.4,22.0,132.7,232.0,382.8,0.99,"(0,0,0,0,0,0,0,4,0,0,0,4)","(Work.Transport,Work.Handiwork)","(Trait.Sturdy,Trait.Alert)","(Skill.Cinderclaw.Signature,Skill.Cinderclaw.Utility,Skill.Cinderclaw.Ultimate)","(Element.Abyssal,Element.Abyssal,Element.Abyssal)","(3.0,5.8,18.0)","(0.79,1.07,1.66)","(0.3,0.55,1.2)",Partner.Cinderclaw,MountWeapon.Cinderclaw,"(Item.Meat,Item.Fiber,Item.AbyssalOrgan)","(2,4,1)",,
MasterEcho_023_Umbralon,23,Echo.Umbralon,Umbralon,ApexPredators PackHunter,Original apexpredators anatomy built around umbralon ecological silhouette; not a palette variant.,Carnivore,PackHunter,Territorial,Biome.SylvanRainforest,Activity.Diurnal,Abyssal,(Abyssal),Combat,479.5,29.5,22.1,133.3,245.0,404.2,0.99,"(1,0,0,0,0,0,0,0,0,0,1,0)","(Work.Mining,Work.Watering)","(Trait.Sturdy,Trait.Alert)","(Skill.Umbralon.Signature,Skill.Umbralon.Utility,Skill.Umbralon.Ultimate)","(Element.Abyssal,Element.Abyssal,Element.Abyssal)","(3.5,6.6,19.5)","(0.79,1.07,1.66)","(0.35,0.65,1.35)",Partner.Umbralon,MountWeapon.Umbralon,"(Item.Meat,Item.Fiber,Item.AbyssalOrgan)","(3,5,2)",,
MasterEcho_024_Frostfox,24,Echo.Frostfox,Frostfox,ApexPredators PackHunter,Original apexpredators anatomy built around frostfox ecological silhouette; not a palette variant.,Omnivore,PackHunter,Territorial,Biome.SylvanRainforest,Activity.Nocturnal,Abyssal,(Abyssal),Combat,487.9,29.7,22.2,133.9,258.0,425.7,1.0,"(0,2,0,0,0,0,0,0,0,0,0,0)",(Work.Gathering),"(Trait.Sturdy,Trait.Alert)","(Skill.Frostfox.Signature,Skill.Frostfox.Utility,Skill.Frostfox.Ultimate)","(Element.Abyssal,Element.Abyssal,Element.Abyssal)","(4.0,7.4,21.0)","(0.8,1.08,1.66)","(0.2,0.45,0.9)",Partner.Frostfox,MountWeapon.Frostfox,"(Item.Meat,Item.Fiber,Item.AbyssalOrgan)","(1,6,1)",,
MasterEcho_025_Dreadstalker,25,Echo.Dreadstalker,Dreadstalker,ApexPredators PackHunter,Original apexpredators anatomy built around dreadstalker ecological silhouette; not a palette variant.,Carnivore,PackHunter,Territorial,Biome.SylvanRainforest,Activity.Diurnal,Abyssal,"(Abyssal,Torrent)",Combat,496.4,29.9,22.4,134.5,271.0,447.1,1.0,"(0,0,3,0,3,0,0,0,0,0,0,0)","(Work.Farming,Work.Building)","(Trait.Sturdy,Trait.Alert)","(Skill.Dreadstalker.Signature,Skill.Dreadstalker.Utility,Skill.Dreadstalker.Ultimate)","(Element.Abyssal,Element.Torrent,Element.Abyssal)","(2.0,8.2,22.5)","(0.8,1.08,1.67)","(0.25,0.55,1.05)",Partner.Dreadstalker,MountWeapon.Dreadstalker,"(Item.Meat,Item.Fiber,Item.AbyssalOrgan)","(2,2,2)",,
MasterEcho_026_Pyrehound,26,Echo.Pyrehound,Pyrehound,ApexPredators PackHunter,Original apexpredators anatomy built around pyrehound ecological silhouette; not a palette variant.,Carnivore,PackHunter,Territorial,Biome.SylvanRainforest,Activity.Crepscular,Abyssal,(Abyssal),Combat,505.1,30.0,22.5,135.1,284.0,468.6,1.0,"(0,0,0,4,0,0,0,4,0,0,0,0)","(Work.Kindling,Work.Transport)","(Trait.Sturdy,Trait.Alert)","(Skill.Pyrehound.Signature,Skill.Pyrehound.Utility,Skill.Pyrehound.Ultimate)","(Element.Abyssal,Element.Abyssal,Element.Abyssal)","(2.5,9.0,24.0)","(0.8,1.08,1.67)","(0.3,0.65,1.2)",Partner.Pyrehound,MountWeapon.Pyrehound,"(Item.Meat,Item.Fiber,Item.AbyssalOrgan)","(3,3,1)",,
MasterEcho_027_Gladefang,27,Echo.Gladefang,Gladefang,ApexPredators PackHunter,Original apexpredators anatomy built around gladefang ecological silhouette; not a palette variant.,Omnivore,PackHunter,Territorial,Biome.SylvanRainforest,Activity.Diurnal,Abyssal,(Abyssal),Combat,513.8,30.2,22.7,135.7,180.0,297.0,1.0,"(0,0,0,0,1,0,0,0,0,0,1,0)","(Work.Building,Work.Watering)","(Trait.Sturdy,Trait.Alert)","(Skill.Gladefang.Signature,Skill.Gladefang.Utility,Skill.Gladefang.Ultimate)","(Element.Abyssal,Element.Abyssal,Element.Abyssal)","(3.0,9.8,12.0)","(0.8,1.08,1.67)","(0.35,0.45,1.35)",Partner.Gladefang,MountWeapon.Gladefang,"(Item.Meat,Item.Fiber,Item.AbyssalOrgan)","(1,4,2)",,
MasterEcho_028_Stormstalker,28,Echo.Stormstalker,Stormstalker,ApexPredators PackHunter,Original apexpredators anatomy built around stormstalker ecological silhouette; not a palette variant.,Carnivore,PackHunter,Territorial,Biome.SylvanRainforest,Activity.Nocturnal,Abyssal,(Abyssal),Combat,522.7,30.3,22.8,136.3,193.0,318.4,1.0,"(0,2,0,0,0,2,0,0,0,0,0,0)","(Work.Gathering,Work.Cooling)","(Trait.Sturdy,Trait.Alert)","(Skill.Stormstalker.Signature,Skill.Stormstalker.Utility,Skill.Stormstalker.Ultimate)","(Element.Abyssal,Element.Abyssal,Element.Abyssal)","(3.5,5.0,13.5)","(0.8,1.09,1.68)","(0.2,0.55,0.9)",Partner.Stormstalker,MountWeapon.Stormstalker,"(Item.Meat,Item.Fiber,Item.AbyssalOrgan)","(2,5,1)",,
MasterEcho_029_Bloodjaw,29,Echo.Bloodjaw,Bloodjaw,ApexPredators PackHunter,Original apexpredators anatomy built around bloodjaw ecological silhouette; not a palette variant.,Carnivore,PackHunter,Territorial,Biome.SylvanRainforest,Activity.Diurnal,Abyssal,(Abyssal),Combat,531.7,30.5,22.9,136.9,206.0,339.9,1.01,"(0,0,0,0,3,0,3,0,0,0,0,0)","(Work.Building,Work.Crafting)","(Trait.Sturdy,Trait.Alert)","(Skill.Bloodjaw.Signature,Skill.Bloodjaw.Utility,Skill.Bloodjaw.Ultimate)","(Element.Abyssal,Element.Abyssal,Element.Abyssal)","(4.0,5.8,15.0)","(0.81,1.09,1.68)","(0.25,0.65,1.05)",Partner.Bloodjaw,MountWeapon.Bloodjaw,"(Item.Meat,Item.Fiber,Item.AbyssalOrgan)","(3,6,2)",,
MasterEcho_030_Dunehunter,30,Echo.Dunehunter,Dunehunter,ApexPredators PackHunter,Original apexpredators anatomy built around dunehunter ecological silhouette; not a palette variant.,Omnivore,PackHunter,Territorial,Biome.SylvanRainforest,Activity.Crepscular,Abyssal,"(Abyssal,Astra)",Combat,540.8,30.7,23.1,137.5,219.0,361.3,1.01,"(0,0,0,0,0,0,0,4,0,0,0,0)",(Work.Transport),"(Trait.Sturdy,Trait.Alert)","(Skill.Dunehunter.Signature,Skill.Dunehunter.Utility,Skill.Dunehunter.Ultimate)","(Element.Abyssal,Element.Astra,Element.Abyssal)","(2.0,6.6,16.5)","(0.81,1.09,1.68)","(0.3,0.45,1.2)",Partner.Dunehunter,MountWeapon.Dunehunter,"(Item.Meat,Item.Fiber,Item.AbyssalOrgan)","(1,2,1)",,
MasterEcho_031_Gloomclaw,31,Echo.Gloomclaw,Gloomclaw,ApexPredators PackHunter,Original apexpredators anatomy built around gloomclaw ecological silhouette; not a palette variant.,Carnivore,PackHunter,Territorial,Biome.SylvanRainforest,Activity.Diurnal,Abyssal,(Abyssal),Combat,550.0,30.8,23.2,138.1,232.0,382.8,1.01,"(0,0,0,0,0,0,0,0,1,0,1,0)","(Work.Generator,Work.Watering)","(Trait.Sturdy,Trait.Alert)","(Skill.Gloomclaw.Signature,Skill.Gloomclaw.Utility,Skill.Gloomclaw.Ultimate)","(Element.Abyssal,Element.Abyssal,Element.Abyssal)","(2.5,7.4,18.0)","(0.81,1.09,1.69)","(0.35,0.55,1.35)",Partner.Gloomclaw,MountWeapon.Gloomclaw,"(Item.Meat,Item.Fiber,Item.AbyssalOrgan)","(2,3,2)",,
MasterEcho_032_Frostlynx,32,Echo.Frostlynx,Frostlynx,ApexPredators PackHunter,Original apexpredators anatomy built around frostlynx ecological silhouette; not a palette variant.,Carnivore,PackHunter,Territorial,Biome.SylvanRainforest,Activity.Nocturnal,Abyssal,(Abyssal),Combat,559.4,31.0,23.4,138.7,245.0,404.2,1.01,"(0,2,0,0,0,0,0,0,0,2,0,0)","(Work.Gathering,Work.Medicine)","(Trait.Sturdy,Trait.Alert)","(Skill.Frostlynx.Signature,Skill.Frostlynx.Utility,Skill.Frostlynx.Ultimate)","(Element.Abyssal,Element.Abyssal,Element.Abyssal)","(3.0,8.2,19.5)","(0.81,1.09,1.69)","(0.2,0.65,0.9)",Partner.Frostlynx,MountWeapon.Frostlynx,"(Item.Meat,Item.Fiber,Item.AbyssalOrgan)","(3,4,1)",,
MasterEcho_033_Obsidianfang,33,Echo.Obsidianfang,Obsidianfang,ApexPredators PackHunter,Original apexpredators anatomy built around obsidianfang ecological silhouette; not a palette variant.,Omnivore,PackHunter,Territorial,Biome.SylvanRainforest,Activity.Diurnal,Abyssal,(Abyssal),Combat,568.8,31.1,23.5,139.3,258.0,425.7,1.01,"(0,0,0,0,3,0,0,0,0,0,3,0)","(Work.Building,Work.Watering)","(Trait.Sturdy,Trait.Alert)","(Skill.Obsidianfang.Signature,Skill.Obsidianfang.Utility,Skill.Obsidianfang.Ultimate)","(Element.Abyssal,Element.Abyssal,Element.Abyssal)","(3.5,9.0,21.0)","(0.81,1.1,1.7)","(0.25,0.45,1.05)",Partner.Obsidianfang,MountWeapon.Obsidianfang,"(Item.Meat,Item.Fiber,Item.AbyssalOrgan)","(1,5,2)",,
MasterEcho_034_Tempestwolf,34,Echo.Tempestwolf,Tempestwolf,ApexPredators PackHunter,Original apexpredators anatomy built around tempestwolf ecological silhouette; not a palette variant.,Carnivore,PackHunter,Territorial,Biome.SylvanRainforest,Activity.Crepscular,Abyssal,(Abyssal),Combat,578.4,31.3,23.6,139.9,271.0,447.1,1.02,"(0,0,0,0,0,0,0,4,0,0,0,4)","(Work.Transport,Work.Handiwork)","(Trait.Sturdy,Trait.Alert)","(Skill.Tempestwolf.Signature,Skill.Tempestwolf.Utility,Skill.Tempestwolf.Ultimate)","(Element.Abyssal,Element.Abyssal,Element.Abyssal)","(4.0,9.8,22.5)","(0.82,1.1,1.7)","(0.3,0.55,1.2)",Partner.Tempestwolf,MountWeapon.Tempestwolf,"(Item.Meat,Item.Fiber,Item.AbyssalOrgan)","(2,6,1)",,
MasterEcho_035_Cavernstalker,35,Echo.Cavernstalker,Cavernstalker,ApexPredators PackHunter,Original apexpredators anatomy built around cavernstalker ecological silhouette; not a palette variant.,Carnivore,PackHunter,Territorial,Biome.SylvanRainforest,Activity.Diurnal,Abyssal,"(Abyssal,Volt)",Combat,588.1,31.5,23.8,140.5,284.0,468.6,1.02,"(1,0,0,0,0,0,0,0,0,0,1,0)","(Work.Mining,Work.Watering)","(Trait.Sturdy,Trait.Alert)","(Skill.Cavernstalker.Signature,Skill.Cavernstalker.Utility,Skill.Cavernstalker.Ultimate)","(Element.Abyssal,Element.Volt,Element.Abyssal)","(2.0,5.0,24.0)","(0.82,1.1,1.7)","(0.35,0.65,1.35)",Partner.Cavernstalker,MountWeapon.Cavernstalker,"(Item.Meat,Item.Fiber,Item.AbyssalOrgan)","(3,2,2)",,
MasterEcho_036_Ashprowler,36,Echo.Ashprowler,Ashprowler,ApexPredators PackHunter,Original apexpredators anatomy built around ashprowler ecological silhouette; not a palette variant.,Omnivore,PackHunter,Territorial,Biome.SylvanRainforest,Activity.Nocturnal,Abyssal,(Abyssal),Combat,597.9,31.6,23.9,141.1,180.0,297.0,1.02,"(0,2,0,0,0,0,0,0,0,0,0,0)",(Work.Gathering),"(Trait.Sturdy,Trait.Alert)","(Skill.Ashprowler.Signature,Skill.Ashprowler.Utility,Skill.Ashprowler.Ultimate)","(Element.Abyssal,Element.Abyssal,Element.Abyssal)","(2.5,5.8,12.0)","(0.82,1.1,1.71)","(0.2,0.45,0.9)",Partner.Ashprowler,MountWeapon.Ashprowler,"(Item.Meat,Item.Fiber,Item.AbyssalOrgan)","(1,3,1)",,
MasterEcho_037_Mirepanther,37,Echo.Mirepanther,Mirepanther,ApexPredators PackHunter,Original apexpredators anatomy built around mirepanther ecological silhouette; not a palette variant.,Carnivore,PackHunter,Territorial,Biome.SylvanRainforest,Activity.Diurnal,Abyssal,(Abyssal),Combat,607.8,31.8,24.1,141.7,193.0,318.4,1.02,"(0,0,3,0,3,0,0,0,0,0,0,0)","(Work.Farming,Work.Building)","(Trait.Sturdy,Trait.Alert)","(Skill.Mirepanther.Signature,Skill.Mirepanther.Utility,Skill.Mirepanther.Ultimate)","(Element.Abyssal,Element.Abyssal,Element.Abyssal)","(3.0,6.6,13.5)","(0.82,1.11,1.71)","(0.25,0.55,1.05)",Partner.Mirepanther,MountWeapon.Mirepanther,"(Item.Meat,Item.Fiber,Item.AbyssalOrgan)","(2,4,2)",,
MasterEcho_038_Riftjackal,38,Echo.Riftjackal,Riftjackal,ApexPredators PackHunter,Original apexpredators anatomy built around riftjackal ecological silhouette; not a palette variant.,Carnivore,PackHunter,Territorial,Biome.SylvanRainforest,Activity.Crepscular,Abyssal,(Abyssal),Combat,617.8,31.9,24.2,142.3,206.0,339.9,1.02,"(0,0,0,4,0,0,0,4,0,0,0,0)","(Work.Kindling,Work.Transport)","(Trait.Sturdy,Trait.Alert)","(Skill.Riftjackal.Signature,Skill.Riftjackal.Utility,Skill.Riftjackal.Ultimate)","(Element.Abyssal,Element.Abyssal,Element.Abyssal)","(3.5,7.4,15.0)","(0.82,1.11,1.71)","(0.3,0.65,1.2)",Partner.Riftjackal,MountWeapon.Riftjackal,"(Item.Meat,Item.Fiber,Item.AbyssalOrgan)","(3,5,1)",,
MasterEcho_039_Thornlion,39,Echo.Thornlion,Thornlion,ApexPredators PackHunter,Original apexpredators anatomy built around thornlion ecological silhouette; not a palette variant.,Omnivore,PackHunter,Territorial,Biome.SylvanRainforest,Activity.Diurnal,Abyssal,(Abyssal),Combat,628.0,32.1,24.3,142.9,219.0,361.3,1.03,"(0,0,0,0,1,0,0,0,0,0,1,0)","(Work.Building,Work.Watering)","(Trait.Sturdy,Trait.Alert)","(Skill.Thornlion.Signature,Skill.Thornlion.Utility,Skill.Thornlion.Ultimate)","(Element.Abyssal,Element.Abyssal,Element.Abyssal)","(4.0,8.2,16.5)","(0.83,1.11,1.72)","(0.35,0.45,1.35)",Partner.Thornlion,MountWeapon.Thornlion,"(Item.Meat,Item.Fiber,Item.AbyssalOrgan)","(1,6,2)",,
MasterEcho_040_Nightpelt,40,Echo.Nightpelt,Nightpelt,ApexPredators PackHunter,Original apexpredators anatomy built around nightpelt ecological silhouette; not a palette variant.,Carnivore,PackHunter,Territorial,Biome.SylvanRainforest,Activity.Nocturnal,Abyssal,"(Abyssal,Solar)",Combat,638.3,32.3,24.5,143.5,232.0,382.8,1.03,"(0,2,0,0,0,2,0,0,0,0,0,0)","(Work.Gathering,Work.Cooling)","(Trait.Sturdy,Trait.Alert)","(Skill.Nightpelt.Signature,Skill.Nightpelt.Utility,Skill.Nightpelt.Ultimate)","(Element.Abyssal,Element.Solar,Element.Abyssal)","(2.0,9.0,18.0)","(0.83,1.11,1.72)","(0.2,0.55,0.9)",Partner.Nightpelt,MountWeapon.Nightpelt,"(Item.Meat,Item.Fiber,Item.AbyssalOrgan)","(2,2,1)",,
MasterEcho_041_Voltlynx,41,Echo.Voltlynx,Voltlynx,ApexPredators PackHunter,Original apexpredators anatomy built around voltlynx ecological silhouette; not a palette variant.,Carnivore,PackHunter,Territorial,Biome.SylvanRainforest,Activity.Diurnal,Abyssal,(Abyssal),Combat,648.6,32.4,24.6,144.1,245.0,404.2,1.03,"(0,0,0,0,3,0,3,0,0,0,0,0)","(Work.Building,Work.Crafting)","(Trait.Sturdy,Trait.Alert)","(Skill.Voltlynx.Signature,Skill.Voltlynx.Utility,Skill.Voltlynx.Ultimate)","(Element.Abyssal,Element.Abyssal,Element.Abyssal)","(2.5,9.8,19.5)","(0.83,1.12,1.72)","(0.25,0.65,1.05)",Partner.Voltlynx,MountWeapon.Voltlynx,"(Item.Meat,Item.Fiber,Item.AbyssalOrgan)","(3,3,2)",,
MasterEcho_042_Scorchmaul,42,Echo.Scorchmaul,Scorchmaul,ApexPredators PackHunter,Original apexpredators anatomy built around scorchmaul ecological silhouette; not a palette variant.,Omnivore,PackHunter,Territorial,Biome.SylvanRainforest,Activity.Crepscular,Abyssal,(Abyssal),Combat,659.1,32.6,24.8,144.7,258.0,425.7,1.03,"(0,0,0,0,0,0,0,4,0,0,0,0)",(Work.Transport),"(Trait.Sturdy,Trait.Alert)","(Skill.Scorchmaul.Signature,Skill.Scorchmaul.Utility,Skill.Scorchmaul.Ultimate)","(Element.Abyssal,Element.Abyssal,Element.Abyssal)","(3.0,5.0,21.0)","(0.83,1.12,1.73)","(0.3,0.45,1.2)",Partner.Scorchmaul,MountWeapon.Scorchmaul,"(Item.Meat,Item.Fiber,Item.AbyssalOrgan)","(1,4,1)",,
MasterEcho_043_Duskhunter,43,Echo.Duskhunter,Duskhunter,ApexPredators PackHunter,Original apexpredators anatomy built around duskhunter ecological silhouette; not a palette variant.,Carnivore,PackHunter,Territorial,Biome.SylvanRainforest,Activity.Diurnal,Abyssal,(Abyssal),Combat,669.8,32.8,24.9,145.3,271.0,447.1,1.03,"(0,0,0,0,0,0,0,0,1,0,1,0)","(Work.Generator,Work.Watering)","(Trait.Sturdy,Trait.Alert)","(Skill.Duskhunter.Signature,Skill.Duskhunter.Utility,Skill.Duskhunter.Ultimate)","(Element.Abyssal,Element.Abyssal,Element.Abyssal)","(3.5,5.8,22.5)","(0.83,1.12,1.73)","(0.35,0.55,1.35)",Partner.Duskhunter,MountWeapon.Duskhunter,"(Item.Meat,Item.Fiber,Item.AbyssalOrgan)","(2,5,2)",,
MasterEcho_044_Boulderfang,44,Echo.Boulderfang,Boulderfang,ApexPredators PackHunter,Original apexpredators anatomy built around boulderfang ecological silhouette; not a palette variant.,Carnivore,PackHunter,Territorial,Biome.SylvanRainforest,Activity.Nocturnal,Abyssal,(Abyssal),Combat,680.5,32.9,25.1,145.9,284.0,468.6,1.04,"(0,2,0,0,0,0,0,0,0,2,0,0)","(Work.Gathering,Work.Medicine)","(Trait.Sturdy,Trait.Alert)","(Skill.Boulderfang.Signature,Skill.Boulderfang.Utility,Skill.Boulderfang.Ultimate)","(Element.Abyssal,Element.Abyssal,Element.Abyssal)","(4.0,6.6,24.0)","(0.84,1.12,1.74)","(0.2,0.65,0.9)",Partner.Boulderfang,MountWeapon.Boulderfang,"(Item.Meat,Item.Fiber,Item.AbyssalOrgan)","(3,6,1)",,
MasterEcho_045_Rainstalker,45,Echo.Rainstalker,Rainstalker,ApexPredators PackHunter,Original apexpredators anatomy built around rainstalker ecological silhouette; not a palette variant.,Omnivore,PackHunter,Territorial,Biome.SylvanRainforest,Activity.Diurnal,Abyssal,"(Abyssal,Neutral)",Combat,691.4,33.1,25.2,146.5,180.0,297.0,1.04,"(0,0,0,0,3,0,0,0,0,0,3,0)","(Work.Building,Work.Watering)","(Trait.Sturdy,Trait.Alert)","(Skill.Rainstalker.Signature,Skill.Rainstalker.Utility,Skill.Rainstalker.Ultimate)","(Element.Abyssal,Element.Neutral,Element.Abyssal)","(2.0,7.4,12.0)","(0.84,1.13,1.74)","(0.25,0.45,1.05)",Partner.Rainstalker,MountWeapon.Rainstalker,"(Item.Meat,Item.Fiber,Item.AbyssalOrgan)","(1,2,2)",,
MasterEcho_046_Zephyros,46,Echo.Zephyros,Zephyros,AvianWyverns SolitarySkyHunter,Original avianwyverns anatomy built around zephyros ecological silhouette; not a palette variant.,Carnivore,SolitarySkyHunter,Curious,Biome.DawnMeadows,Activity.Crepscular,Volt,(Volt),Exploration,702.3,33.2,25.3,147.1,193.0,318.4,1.04,"(1,0,0,0,0,0,0,0,1,0,0,0)","(Work.Mining,Work.Generator)","(Trait.Sturdy,Trait.Alert)","(Skill.Zephyros.Signature,Skill.Zephyros.Utility,Skill.Zephyros.Ultimate)","(Element.Volt,Element.Volt,Element.Volt)","(2.5,8.2,13.5)","(0.84,1.13,1.74)","(0.3,0.55,1.2)",Partner.Zephyros,MountWeapon.Zephyros,"(Item.Meat,Item.Fiber,Item.VoltOrgan)","(2,3,1)",,
MasterEcho_047_Voltrix,47,Echo.Voltrix,Voltrix,AvianWyverns SolitarySkyHunter,Original avianwyverns anatomy built around voltrix ecological silhouette; not a palette variant.,Carnivore,SolitarySkyHunter,Curious,Biome.DawnMeadows,Activity.Diurnal,Volt,(Volt),Exploration,713.4,33.4,25.5,147.7,206.0,339.9,1.04,"(0,2,0,0,0,0,0,0,0,0,0,2)","(Work.Gathering,Work.Handiwork)","(Trait.Sturdy,Trait.Alert)","(Skill.Voltrix.Signature,Skill.Voltrix.Utility,Skill.Voltrix.Ultimate)","(Element.Volt,Element.Volt,Element.Volt)","(3.0,9.0,15.0)","(0.84,1.13,1.75)","(0.35,0.65,1.35)",Partner.Voltrix,MountWeapon.Voltrix,"(Item.Meat,Item.Fiber,Item.VoltOrgan)","(3,4,2)",,
MasterEcho_048_Solarix,48,Echo.Solarix,Solarix,AvianWyverns SolitarySkyHunter,Original avianwyverns anatomy built around solarix ecological silhouette; not a palette variant.,Omnivore,SolitarySkyHunter,Curious,Biome.DawnMeadows,Activity.Nocturnal,Volt,(Volt),Exploration,724.6,33.6,25.6,148.3,219.0,361.3,1.04,"(0,0,3,0,0,0,0,0,0,0,0,0)",(Work.Farming),"(Trait.Sturdy,Trait.Alert)","(Skill.Solarix.Signature,Skill.Solarix.Utility,Skill.Solarix.Ultimate)","(Element.Volt,Element.Volt,Element.Volt)","(3.5,9.8,16.5)","(0.84,1.13,1.75)","(0.2,0.45,0.9)",Partner.Solarix,MountWeapon.Solarix,"(Item.Meat,Item.Fiber,Item.VoltOrgan)","(1,5,1)",,
MasterEcho_049_Cryovex,49,Echo.Cryovex,Cryovex,AvianWyverns SolitarySkyHunter,Original avianwyverns anatomy built around cryovex ecological silhouette; not a palette variant.,Carnivore,SolitarySkyHunter,Curious,Biome.DawnMeadows,Activity.Diurnal,Volt,(Volt),Exploration,735.9,33.7,25.8,148.9,232.0,382.8,1.05,"(0,0,0,4,0,4,0,0,0,0,0,0)","(Work.Kindling,Work.Cooling)","(Trait.Sturdy,Trait.Alert)","(Skill.Cryovex.Signature,Skill.Cryovex.Utility,Skill.Cryovex.Ultimate)","(Element.Volt,Element.Volt,Element.Volt)","(4.0,5.0,18.0)","(0.85,1.14,1.75)","(0.25,0.55,1.05)",Partner.Cryovex,MountWeapon.Cryovex,"(Item.Meat,Item.Fiber,Item.VoltOrgan)","(2,6,2)",,
MasterEcho_050_Aquaphoenix,50,Echo.Aquaphoenix,Aquaphoenix,AvianWyverns SolitarySkyHunter,Original avianwyverns anatomy built around aquaphoenix ecological silhouette; not a palette variant.,Carnivore,SolitarySkyHunter,Curious,Biome.DawnMeadows,Activity.Crepscular,Volt,"(Volt,Neutral)",Exploration,747.3,33.9,25.9,149.5,245.0,404.2,1.05,"(0,0,0,0,1,0,0,0,1,0,0,0)","(Work.Building,Work.Generator)","(Trait.Sturdy,Trait.Alert)","(Skill.Aquaphoenix.Signature,Skill.Aquaphoenix.Utility,Skill.Aquaphoenix.Ultimate)","(Element.Volt,Element.Neutral,Element.Volt)","(2.0,5.8,19.5)","(0.85,1.14,1.76)","(0.3,0.65,1.2)",Partner.Aquaphoenix,MountWeapon.Aquaphoenix,"(Item.Meat,Item.Fiber,Item.VoltOrgan)","(3,2,1)",,
MasterEcho_051_Shadowcrow,51,Echo.Shadowcrow,Shadowcrow,AvianWyverns SolitarySkyHunter,Original avianwyverns anatomy built around shadowcrow ecological silhouette; not a palette variant.,Omnivore,SolitarySkyHunter,Curious,Biome.DawnMeadows,Activity.Diurnal,Volt,(Volt),Exploration,758.9,34.0,26.0,150.2,258.0,425.7,1.05,"(0,0,0,0,0,2,0,0,0,0,0,2)","(Work.Cooling,Work.Handiwork)","(Trait.Sturdy,Trait.Alert)","(Skill.Shadowcrow.Signature,Skill.Shadowcrow.Utility,Skill.Shadowcrow.Ultimate)","(Element.Volt,Element.Volt,Element.Volt)","(2.5,6.6,21.0)","(0.85,1.14,1.76)","(0.35,0.45,1.35)",Partner.Shadowcrow,MountWeapon.Shadowcrow,"(Item.Meat,Item.Fiber,Item.VoltOrgan)","(1,3,2)",,
MasterEcho_052_Dreadfalcon,52,Echo.Dreadfalcon,Dreadfalcon,AvianWyverns SolitarySkyHunter,Original avianwyverns anatomy built around dreadfalcon ecological silhouette; not a palette variant.,Carnivore,SolitarySkyHunter,Curious,Biome.DawnMeadows,Activity.Nocturnal,Volt,(Volt),Exploration,770.6,34.2,26.2,150.8,271.0,447.1,1.05,"(0,0,3,0,0,0,3,0,0,0,0,0)","(Work.Farming,Work.Crafting)","(Trait.Sturdy,Trait.Alert)","(Skill.Dreadfalcon.Signature,Skill.Dreadfalcon.Utility,Skill.Dreadfalcon.Ultimate)","(Element.Volt,Element.Volt,Element.Volt)","(3.0,7.4,22.5)","(0.85,1.14,1.76)","(0.2,0.55,0.9)",Partner.Dreadfalcon,MountWeapon.Dreadfalcon,"(Item.Meat,Item.Fiber,Item.VoltOrgan)","(2,4,1)",,
MasterEcho_053_Stormswallow,53,Echo.Stormswallow,Stormswallow,AvianWyverns SolitarySkyHunter,Original avianwyverns anatomy built around stormswallow ecological silhouette; not a palette variant.,Carnivore,SolitarySkyHunter,Curious,Biome.DawnMeadows,Activity.Diurnal,Volt,(Volt),Exploration,782.3,34.4,26.3,151.4,284.0,468.6,1.05,"(0,0,0,0,0,4,0,4,0,0,0,0)","(Work.Cooling,Work.Transport)","(Trait.Sturdy,Trait.Alert)","(Skill.Stormswallow.Signature,Skill.Stormswallow.Utility,Skill.Stormswallow.Ultimate)","(Element.Volt,Element.Volt,Element.Volt)","(3.5,8.2,24.0)","(0.85,1.15,1.77)","(0.25,0.65,1.05)",Partner.Stormswallow,MountWeapon.Stormswallow,"(Item.Meat,Item.Fiber,Item.VoltOrgan)","(3,5,2)",,
MasterEcho_054_Magmapen,54,Echo.Magmapen,Magmapen,AvianWyverns SolitarySkyHunter,Original avianwyverns anatomy built around magmapen ecological silhouette; not a palette variant.,Omnivore,SolitarySkyHunter,Curious,Biome.DawnMeadows,Activity.Crepscular,Volt,(Volt),Exploration,794.2,34.5,26.5,152.0,180.0,297.0,1.06,"(0,0,0,0,0,0,0,0,1,0,0,0)",(Work.Generator),"(Trait.Sturdy,Trait.Alert)","(Skill.Magmapen.Signature,Skill.Magmapen.Utility,Skill.Magmapen.Ultimate)","(Element.Volt,Element.Volt,Element.Volt)","(4.0,9.0,12.0)","(0.86,1.15,1.77)","(0.3,0.45,1.2)",Partner.Magmapen,MountWeapon.Magmapen,"(Item.Meat,Item.Fiber,Item.VoltOrgan)","(1,6,1)",,
MasterEcho_055_Galeclaw,55,Echo.Galeclaw,Galeclaw,AvianWyverns SolitarySkyHunter,Original avianwyverns anatomy built around galeclaw ecological silhouette; not a palette variant.,Carnivore,SolitarySkyHunter,Curious,Biome.DawnMeadows,Activity.Diurnal,Volt,"(Volt,Solar)",Exploration,806.3,34.7,26.6,152.6,193.0,318.4,1.06,"(0,0,0,0,0,0,0,0,0,2,0,2)","(Work.Medicine,Work.Handiwork)","(Trait.Sturdy,Trait.Alert)","(Skill.Galeclaw.Signature,Skill.Galeclaw.Utility,Skill.Galeclaw.Ultimate)","(Element.Volt,Element.Solar,Element.Volt)","(2.0,9.8,13.5)","(0.86,1.15,1.78)","(0.35,0.55,1.35)",Partner.Galeclaw,MountWeapon.Galeclaw,"(Item.Meat,Item.Fiber,Item.VoltOrgan)","(2,2,2)",,
MasterEcho_056_Tempestbird,56,Echo.Tempestbird,Tempestbird,AvianWyverns SolitarySkyHunter,Original avianwyverns anatomy built around tempestbird ecological silhouette; not a palette variant.,Carnivore,SolitarySkyHunter,Curious,Biome.DawnMeadows,Activity.Nocturnal,Volt,(Volt),Exploration,818.4,34.8,26.7,153.2,206.0,339.9,1.06,"(0,0,3,0,0,0,0,0,0,0,3,0)","(Work.Farming,Work.Watering)","(Trait.Sturdy,Trait.Alert)","(Skill.Tempestbird.Signature,Skill.Tempestbird.Utility,Skill.Tempestbird.Ultimate)","(Element.Volt,Element.Volt,Element.Volt)","(2.5,5.0,15.0)","(0.86,1.15,1.78)","(0.2,0.65,0.9)",Partner.Tempestbird,MountWeapon.Tempestbird,"(Item.Meat,Item.Fiber,Item.VoltOrgan)","(3,3,1)",,
MasterEcho_057_Mistgryphon,57,Echo.Mistgryphon,Mistgryphon,AvianWyverns SolitarySkyHunter,Original avianwyverns anatomy built around mistgryphon ecological silhouette; not a palette variant.,Omnivore,SolitarySkyHunter,Curious,Biome.DawnMeadows,Activity.Diurnal,Volt,(Volt),Exploration,830.6,35.0,26.9,153.8,219.0,361.3,1.06,"(0,0,0,0,0,4,0,0,0,0,0,4)","(Work.Cooling,Work.Handiwork)","(Trait.Sturdy,Trait.Alert)","(Skill.Mistgryphon.Signature,Skill.Mistgryphon.Utility,Skill.Mistgryphon.Ultimate)","(Element.Volt,Element.Volt,Element.Volt)","(3.0,5.8,16.5)","(0.86,1.16,1.78)","(0.25,0.45,1.05)",Partner.Mistgryphon,MountWeapon.Mistgryphon,"(Item.Meat,Item.Fiber,Item.VoltOrgan)","(1,4,2)",,
MasterEcho_058_Suncondor,58,Echo.Suncondor,Suncondor,AvianWyverns SolitarySkyHunter,Original avianwyverns anatomy built around suncondor ecological silhouette; not a palette variant.,Carnivore,SolitarySkyHunter,Curious,Biome.DawnMeadows,Activity.Crepscular,Volt,(Volt),Exploration,843.0,35.2,27.0,154.4,232.0,382.8,1.06,"(1,0,0,0,0,0,0,0,1,0,0,0)","(Work.Mining,Work.Generator)","(Trait.Sturdy,Trait.Alert)","(Skill.Suncondor.Signature,Skill.Suncondor.Utility,Skill.Suncondor.Ultimate)","(Element.Volt,Element.Volt,Element.Volt)","(3.5,6.6,18.0)","(0.86,1.16,1.79)","(0.3,0.55,1.2)",Partner.Suncondor,MountWeapon.Suncondor,"(Item.Meat,Item.Fiber,Item.VoltOrgan)","(2,5,1)",,
MasterEcho_059_Nightowl,59,Echo.Nightowl,Nightowl,AvianWyverns SolitarySkyHunter,Original avianwyverns anatomy built around nightowl ecological silhouette; not a palette variant.,Carnivore,SolitarySkyHunter,Curious,Biome.DawnMeadows,Activity.Diurnal,Volt,(Volt),Exploration,855.5,35.3,27.2,155.0,245.0,404.2,1.07,"(0,2,0,0,0,0,0,0,0,0,0,2)","(Work.Gathering,Work.Handiwork)","(Trait.Sturdy,Trait.Alert)","(Skill.Nightowl.Signature,Skill.Nightowl.Utility,Skill.Nightowl.Ultimate)","(Element.Volt,Element.Volt,Element.Volt)","(4.0,7.4,19.5)","(0.87,1.16,1.79)","(0.35,0.65,1.35)",Partner.Nightowl,MountWeapon.Nightowl,"(Item.Meat,Item.Fiber,Item.VoltOrgan)","(3,6,2)",,
MasterEcho_060_Cloudray,60,Echo.Cloudray,Cloudray,AvianWyverns SolitarySkyHunter,Original avianwyverns anatomy built around cloudray ecological silhouette; not a palette variant.,Omnivore,SolitarySkyHunter,Curious,Biome.DawnMeadows,Activity.Nocturnal,Volt,"(Volt,Abyssal)",Exploration,868.1,35.5,27.3,155.6,258.0,425.7,1.07,"(0,0,3,0,0,0,0,0,0,0,0,0)",(Work.Farming),"(Trait.Sturdy,Trait.Alert)","(Skill.Cloudray.Signature,Skill.Cloudray.Utility,Skill.Cloudray.Ultimate)","(Element.Volt,Element.Abyssal,Element.Volt)","(2.0,8.2,21.0)","(0.87,1.16,1.79)","(0.2,0.45,0.9)",Partner.Cloudray,MountWeapon.Cloudray,"(Item.Meat,Item.Fiber,Item.VoltOrgan)","(1,2,1)",,
MasterEcho_061_Emberkite,61,Echo.Emberkite,Emberkite,AvianWyverns SolitarySkyHunter,Original avianwyverns anatomy built around emberkite ecological silhouette; not a palette variant.,Carnivore,SolitarySkyHunter,Curious,Biome.DawnMeadows,Activity.Diurnal,Volt,(Volt),Exploration,880.8,35.6,27.4,156.2,271.0,447.1,1.07,"(0,0,0,4,0,4,0,0,0,0,0,0)","(Work.Kindling,Work.Cooling)","(Trait.Sturdy,Trait.Alert)","(Skill.Emberkite.Signature,Skill.Emberkite.Utility,Skill.Emberkite.Ultimate)","(Element.Volt,Element.Volt,Element.Volt)","(2.5,9.0,22.5)","(0.87,1.16,1.8)","(0.25,0.55,1.05)",Partner.Emberkite,MountWeapon.Emberkite,"(Item.Meat,Item.Fiber,Item.VoltOrgan)","(2,3,2)",,
MasterEcho_062_Frostwing,62,Echo.Frostwing,Frostwing,AvianWyverns SolitarySkyHunter,Original avianwyverns anatomy built around frostwing ecological silhouette; not a palette variant.,Carnivore,SolitarySkyHunter,Curious,Biome.DawnMeadows,Activity.Crepscular,Volt,(Volt),Exploration,893.6,35.8,27.6,156.8,284.0,468.6,1.07,"(0,0,0,0,1,0,0,0,1,0,0,0)","(Work.Building,Work.Generator)","(Trait.Sturdy,Trait.Alert)","(Skill.Frostwing.Signature,Skill.Frostwing.Utility,Skill.Frostwing.Ultimate)","(Element.Volt,Element.Volt,Element.Volt)","(3.0,9.8,24.0)","(0.87,1.17,1.8)","(0.3,0.65,1.2)",Partner.Frostwing,MountWeapon.Frostwing,"(Item.Meat,Item.Fiber,Item.VoltOrgan)","(3,4,1)",,
MasterEcho_063_Razorcrest,63,Echo.Razorcrest,Razorcrest,AvianWyverns SolitarySkyHunter,Original avianwyverns anatomy built around razorcrest ecological silhouette; not a palette variant.,Omnivore,SolitarySkyHunter,Curious,Biome.DawnMeadows,Activity.Diurnal,Volt,(Volt),Exploration,906.6,36.0,27.7,157.4,180.0,297.0,1.07,"(0,0,0,0,0,2,0,0,0,0,0,2)","(Work.Cooling,Work.Handiwork)","(Trait.Sturdy,Trait.Alert)","(Skill.Razorcrest.Signature,Skill.Razorcrest.Utility,Skill.Razorcrest.Ultimate)","(Element.Volt,Element.Volt,Element.Volt)","(3.5,5.0,12.0)","(0.87,1.17,1.8)","(0.35,0.45,1.35)",Partner.Razorcrest,MountWeapon.Razorcrest,"(Item.Meat,Item.Fiber,Item.VoltOrgan)","(1,5,2)",,
MasterEcho_064_Astraheron,64,Echo.Astraheron,Astraheron,AvianWyverns SolitarySkyHunter,Original avianwyverns anatomy built around astraheron ecological silhouette; not a palette variant.,Carnivore,SolitarySkyHunter,Curious,Biome.DawnMeadows,Activity.Nocturnal,Volt,(Volt),Exploration,919.6,36.1,27.9,158.0,193.0,318.4,1.08,"(0,0,3,0,0,0,3,0,0,0,0,0)","(Work.Farming,Work.Crafting)","(Trait.Sturdy,Trait.Alert)","(Skill.Astraheron.Signature,Skill.Astraheron.Utility,Skill.Astraheron.Ultimate)","(Element.Volt,Element.Volt,Element.Volt)","(4.0,5.8,13.5)","(0.88,1.17,1.81)","(0.2,0.55,0.9)",Partner.Astraheron,MountWeapon.Astraheron,"(Item.Meat,Item.Fiber,Item.VoltOrgan)","(2,6,1)",,
MasterEcho_065_Voltwing,65,Echo.Voltwing,Voltwing,AvianWyverns SolitarySkyHunter,Original avianwyverns anatomy built around voltwing ecological silhouette; not a palette variant.,Carnivore,SolitarySkyHunter,Curious,Biome.DawnMeadows,Activity.Diurnal,Volt,"(Volt,Geo)",Exploration,932.8,36.3,28.0,158.6,206.0,339.9,1.08,"(0,0,0,0,0,4,0,4,0,0,0,0)","(Work.Cooling,Work.Transport)","(Trait.Sturdy,Trait.Alert)","(Skill.Voltwing.Signature,Skill.Voltwing.Utility,Skill.Voltwing.Ultimate)","(Element.Volt,Element.Geo,Element.Volt)","(2.0,6.6,15.0)","(0.88,1.17,1.81)","(0.25,0.65,1.05)",Partner.Voltwing,MountWeapon.Voltwing,"(Item.Meat,Item.Fiber,Item.VoltOrgan)","(3,2,2)",,
MasterEcho_066_Cinderkite,66,Echo.Cinderkite,Cinderkite,AvianWyverns SolitarySkyHunter,Original avianwyverns anatomy built around cinderkite ecological silhouette; not a palette variant.,Omnivore,SolitarySkyHunter,Curious,Biome.DawnMeadows,Activity.Crepscular,Volt,(Volt),Exploration,946.1,36.5,28.1,159.2,219.0,361.3,1.08,"(0,0,0,0,0,0,0,0,1,0,0,0)",(Work.Generator),"(Trait.Sturdy,Trait.Alert)","(Skill.Cinderkite.Signature,Skill.Cinderkite.Utility,Skill.Cinderkite.Ultimate)","(Element.Volt,Element.Volt,Element.Volt)","(2.5,7.4,16.5)","(0.88,1.18,1.82)","(0.3,0.45,1.2)",Partner.Cinderkite,MountWeapon.Cinderkite,"(Item.Meat,Item.Fiber,Item.VoltOrgan)","(1,3,1)",,
MasterEcho_067_Skydrake,67,Echo.Skydrake,Skydrake,AvianWyverns SolitarySkyHunter,Original avianwyverns anatomy built around skydrake ecological silhouette; not a palette variant.,Carnivore,SolitarySkyHunter,Curious,Biome.DawnMeadows,Activity.Diurnal,Volt,(Volt),Exploration,959.5,36.6,28.3,159.8,232.0,382.8,1.08,"(0,0,0,0,0,0,0,0,0,2,0,2)","(Work.Medicine,Work.Handiwork)","(Trait.Sturdy,Trait.Alert)","(Skill.Skydrake.Signature,Skill.Skydrake.Utility,Skill.Skydrake.Ultimate)","(Element.Volt,Element.Volt,Element.Volt)","(3.0,8.2,18.0)","(0.88,1.18,1.82)","(0.35,0.55,1.35)",Partner.Skydrake,MountWeapon.Skydrake,"(Item.Meat,Item.Fiber,Item.VoltOrgan)","(2,4,2)",,
MasterEcho_068_Moonsoar,68,Echo.Moonsoar,Moonsoar,AvianWyverns SolitarySkyHunter,Original avianwyverns anatomy built around moonsoar ecological silhouette; not a palette variant.,Carnivore,SolitarySkyHunter,Curious,Biome.DawnMeadows,Activity.Nocturnal,Volt,(Volt),Exploration,973.0,36.8,28.4,160.4,245.0,404.2,1.08,"(0,0,3,0,0,0,0,0,0,0,3,0)","(Work.Farming,Work.Watering)","(Trait.Sturdy,Trait.Alert)","(Skill.Moonsoar.Signature,Skill.Moonsoar.Utility,Skill.Moonsoar.Ultimate)","(Element.Volt,Element.Volt,Element.Volt)","(3.5,9.0,19.5)","(0.88,1.18,1.82)","(0.2,0.65,0.9)",Partner.Moonsoar,MountWeapon.Moonsoar,"(Item.Meat,Item.Fiber,Item.VoltOrgan)","(3,5,1)",,
MasterEcho_069_Galegryph,69,Echo.Galegryph,Galegryph,AvianWyverns SolitarySkyHunter,Original avianwyverns anatomy built around galegryph ecological silhouette; not a palette variant.,Omnivore,SolitarySkyHunter,Curious,Biome.DawnMeadows,Activity.Diurnal,Volt,(Volt),Exploration,986.7,36.9,28.6,161.0,258.0,425.7,1.09,"(0,0,0,0,0,4,0,0,0,0,0,4)","(Work.Cooling,Work.Handiwork)","(Trait.Sturdy,Trait.Alert)","(Skill.Galegryph.Signature,Skill.Galegryph.Utility,Skill.Galegryph.Ultimate)","(Element.Volt,Element.Volt,Element.Volt)","(4.0,9.8,21.0)","(0.89,1.18,1.83)","(0.25,0.45,1.05)",Partner.Galegryph,MountWeapon.Galegryph,"(Item.Meat,Item.Fiber,Item.VoltOrgan)","(1,6,2)",,
MasterEcho_070_Dawnroc,70,Echo.Dawnroc,Dawnroc,AvianWyverns SolitarySkyHunter,Original avianwyverns anatomy built around dawnroc ecological silhouette; not a palette variant.,Carnivore,SolitarySkyHunter,Curious,Biome.DawnMeadows,Activity.Crepscular,Volt,"(Volt,Neutral)",Exploration,1000.4,37.1,28.7,161.6,271.0,447.1,1.09,"(1,0,0,0,0,0,0,0,1,0,0,0)","(Work.Mining,Work.Generator)","(Trait.Sturdy,Trait.Alert)","(Skill.Dawnroc.Signature,Skill.Dawnroc.Utility,Skill.Dawnroc.Ultimate)","(Element.Volt,Element.Neutral,Element.Volt)","(2.0,5.0,22.5)","(0.89,1.19,1.83)","(0.3,0.55,1.2)",Partner.Dawnroc,MountWeapon.Dawnroc,"(Item.Meat,Item.Fiber,Item.VoltOrgan)","(2,2,1)",,
MasterEcho_071_Leviathan,71,Echo.Leviathan,Leviathan,AquaticLeviathans SchoolingOmnivore,Original aquaticleviathans anatomy built around leviathan ecological silhouette; not a palette variant.,Herbivore,SchoolingOmnivore,Docile,Biome.SylvanRainforest,Activity.Diurnal,Torrent,(Torrent),BaseUtility,1014.3,37.3,28.8,162.2,284.0,411.8,1.09,"(3,0,3,1,0,0,0,1,0,0,0,1)","(Work.Mining,Work.Farming,Work.Kindling,Work.Transport,Work.Handiwork)","(Trait.Sturdy,Trait.Alert)","(Skill.Leviathan.Signature,Skill.Leviathan.Utility,Skill.Leviathan.Ultimate)","(Element.Torrent,Element.Torrent,Element.Torrent)","(2.5,5.8,24.0)","(0.89,1.19,1.83)","(0.35,0.65,1.35)",Partner.Leviathan,,"(Item.Meat,Item.Fiber,Item.TorrentOrgan)","(3,3,2)",,
MasterEcho_072_Aquavine,72,Echo.Aquavine,Aquavine,AquaticLeviathans SchoolingOmnivore,Original aquaticleviathans anatomy built around aquavine ecological silhouette; not a palette variant.,Herbivore,SchoolingOmnivore,Docile,Biome.SylvanRainforest,Activity.Nocturnal,Torrent,(Torrent),BaseUtility,1028.3,37.4,29.0,162.8,180.0,261.0,1.09,"(0,0,0,4,0,0,0,1,0,0,0,1)","(Work.Kindling,Work.Transport,Work.Handiwork)","(Trait.Sturdy,Trait.Alert)","(Skill.Aquavine.Signature,Skill.Aquavine.Utility,Skill.Aquavine.Ultimate)","(Element.Torrent,Element.Torrent,Element.Torrent)","(3.0,6.6,12.0)","(0.89,1.19,1.84)","(0.2,0.45,0.9)",Partner.Aquavine,,"(Item.Meat,Item.Fiber,Item.TorrentOrgan)","(1,4,1)",,
MasterEcho_073_Torrentail,73,Echo.Torrentail,Torrentail,AquaticLeviathans SchoolingOmnivore,Original aquaticleviathans anatomy built around torrentail ecological silhouette; not a palette variant.,Herbivore,SchoolingOmnivore,Docile,Biome.SylvanRainforest,Activity.Diurnal,Torrent,(Torrent),BaseUtility,1042.4,37.6,29.1,163.4,193.0,279.8,1.09,"(0,0,0,1,1,0,1,1,0,0,0,1)","(Work.Kindling,Work.Building,Work.Crafting,Work.Transport,Work.Handiwork)","(Trait.Sturdy,Trait.Alert)","(Skill.Torrentail.Signature,Skill.Torrentail.Utility,Skill.Torrentail.Ultimate)","(Element.Torrent,Element.Torrent,Element.Torrent)","(3.5,7.4,13.5)","(0.89,1.19,1.84)","(0.25,0.55,1.05)",Partner.Torrentail,,"(Item.Meat,Item.Fiber,Item.TorrentOrgan)","(2,5,2)",,
MasterEcho_074_Depthmaw,74,Echo.Depthmaw,Depthmaw,AquaticLeviathans SchoolingOmnivore,Original aquaticleviathans anatomy built around depthmaw ecological silhouette; not a palette variant.,Herbivore,SchoolingOmnivore,Docile,Biome.SylvanRainforest,Activity.Crepscular,Torrent,(Torrent),BaseUtility,1056.6,37.7,29.3,164.0,206.0,298.7,1.1,"(0,0,0,1,0,2,0,1,0,2,0,1)","(Work.Kindling,Work.Cooling,Work.Transport,Work.Medicine,Work.Handiwork)","(Trait.Sturdy,Trait.Alert)","(Skill.Depthmaw.Signature,Skill.Depthmaw.Utility,Skill.Depthmaw.Ultimate)","(Element.Torrent,Element.Torrent,Element.Torrent)","(4.0,8.2,15.0)","(0.9,1.2,1.84)","(0.3,0.65,1.2)",Partner.Depthmaw,,"(Item.Meat,Item.Fiber,Item.TorrentOrgan)","(3,6,1)",,
MasterEcho_075_Frostfin,75,Echo.Frostfin,Frostfin,AquaticLeviathans SchoolingOmnivore,Original aquaticleviathans anatomy built around frostfin ecological silhouette; not a palette variant.,Herbivore,SchoolingOmnivore,Docile,Biome.SylvanRainforest,Activity.Diurnal,Torrent,"(Torrent,Abyssal)",BaseUtility,1071.0,37.9,29.4,164.6,219.0,317.6,1.1,"(3,0,0,1,0,0,3,1,0,0,0,1)","(Work.Mining,Work.Kindling,Work.Crafting,Work.Transport,Work.Handiwork)","(Trait.Sturdy,Trait.Alert)","(Skill.Frostfin.Signature,Skill.Frostfin.Utility,Skill.Frostfin.Ultimate)","(Element.Torrent,Element.Abyssal,Element.Torrent)","(2.0,9.0,16.5)","(0.9,1.2,1.85)","(0.35,0.45,1.35)",Partner.Frostfin,,"(Item.Meat,Item.Fiber,Item.TorrentOrgan)","(1,2,2)",,
MasterEcho_076_Shockeel,76,Echo.Shockeel,Shockeel,AquaticLeviathans SchoolingOmnivore,Original aquaticleviathans anatomy built around shockeel ecological silhouette; not a palette variant.,Herbivore,SchoolingOmnivore,Docile,Biome.SylvanRainforest,Activity.Nocturnal,Torrent,(Torrent),BaseUtility,1085.4,38.1,29.6,165.2,232.0,336.4,1.1,"(0,0,0,4,0,0,0,4,0,0,0,1)","(Work.Kindling,Work.Transport,Work.Handiwork)","(Trait.Sturdy,Trait.Alert)","(Skill.Shockeel.Signature,Skill.Shockeel.Utility,Skill.Shockeel.Ultimate)","(Element.Torrent,Element.Torrent,Element.Torrent)","(2.5,9.8,18.0)","(0.9,1.2,1.85)","(0.2,0.55,0.9)",Partner.Shockeel,,"(Item.Meat,Item.Fiber,Item.TorrentOrgan)","(2,3,1)",,
MasterEcho_077_Mudcroc,77,Echo.Mudcroc,Mudcroc,AquaticLeviathans SchoolingOmnivore,Original aquaticleviathans anatomy built around mudcroc ecological silhouette; not a palette variant.,Herbivore,SchoolingOmnivore,Docile,Biome.SylvanRainforest,Activity.Diurnal,Torrent,(Torrent),BaseUtility,1100.0,38.2,29.7,165.8,245.0,355.2,1.1,"(0,0,0,1,0,0,1,1,1,0,0,1)","(Work.Kindling,Work.Crafting,Work.Transport,Work.Generator,Work.Handiwork)","(Trait.Sturdy,Trait.Alert)","(Skill.Mudcroc.Signature,Skill.Mudcroc.Utility,Skill.Mudcroc.Ultimate)","(Element.Torrent,Element.Torrent,Element.Torrent)","(3.0,5.0,19.5)","(0.9,1.2,1.85)","(0.25,0.65,1.05)",Partner.Mudcroc,,"(Item.Meat,Item.Fiber,Item.TorrentOrgan)","(3,4,2)",,
MasterEcho_078_Coralclad,78,Echo.Coralclad,Coralclad,AquaticLeviathans SchoolingOmnivore,Original aquaticleviathans anatomy built around coralclad ecological silhouette; not a palette variant.,Herbivore,SchoolingOmnivore,Docile,Biome.SylvanRainforest,Activity.Crepscular,Torrent,(Torrent),BaseUtility,1114.7,38.4,29.8,166.4,258.0,374.1,1.1,"(0,0,0,1,0,0,0,1,0,2,0,1)","(Work.Kindling,Work.Transport,Work.Medicine,Work.Handiwork)","(Trait.Sturdy,Trait.Alert)","(Skill.Coralclad.Signature,Skill.Coralclad.Utility,Skill.Coralclad.Ultimate)","(Element.Torrent,Element.Torrent,Element.Torrent)","(3.5,5.8,21.0)","(0.9,1.21,1.86)","(0.3,0.45,1.2)",Partner.Coralclad,,"(Item.Meat,Item.Fiber,Item.TorrentOrgan)","(1,5,1)",,
MasterEcho_079_Toxictoad,79,Echo.Toxictoad,Toxictoad,AquaticLeviathans SchoolingOmnivore,Original aquaticleviathans anatomy built around toxictoad ecological silhouette; not a palette variant.,Herbivore,SchoolingOmnivore,Docile,Biome.SylvanRainforest,Activity.Diurnal,Torrent,(Torrent),BaseUtility,1129.5,38.5,30.0,167.0,271.0,392.9,1.11,"(3,0,0,1,0,0,0,1,0,0,3,1)","(Work.Mining,Work.Kindling,Work.Transport,Work.Watering,Work.Handiwork)","(Trait.Sturdy,Trait.Alert)","(Skill.Toxictoad.Signature,Skill.Toxictoad.Utility,Skill.Toxictoad.Ultimate)","(Element.Torrent,Element.Torrent,Element.Torrent)","(4.0,6.6,22.5)","(0.91,1.21,1.86)","(0.35,0.55,1.35)",Partner.Toxictoad,,"(Item.Meat,Item.Fiber,Item.TorrentOrgan)","(2,6,2)",,
MasterEcho_080_Geyserspout,80,Echo.Geyserspout,Geyserspout,AquaticLeviathans SchoolingOmnivore,Original aquaticleviathans anatomy built around geyserspout ecological silhouette; not a palette variant.,Herbivore,SchoolingOmnivore,Docile,Biome.SylvanRainforest,Activity.Nocturnal,Torrent,"(Torrent,Geo)",BaseUtility,1144.4,38.7,30.1,167.6,284.0,411.8,1.11,"(0,0,0,4,0,0,0,1,0,0,0,4)","(Work.Kindling,Work.Transport,Work.Handiwork)","(Trait.Sturdy,Trait.Alert)","(Skill.Geyserspout.Signature,Skill.Geyserspout.Utility,Skill.Geyserspout.Ultimate)","(Element.Torrent,Element.Geo,Element.Torrent)","(2.0,7.4,24.0)","(0.91,1.21,1.87)","(0.2,0.65,0.9)",Partner.Geyserspout,,"(Item.Meat,Item.Fiber,Item.TorrentOrgan)","(3,2,1)",,
MasterEcho_081_Abyssalray,81,Echo.Abyssalray,Abyssalray,AquaticLeviathans SchoolingOmnivore,Original aquaticleviathans anatomy built around abyssalray ecological silhouette; not a palette variant.,Herbivore,SchoolingOmnivore,Docile,Biome.SylvanRainforest,Activity.Diurnal,Torrent,(Torrent),BaseUtility,1159.5,38.9,30.3,168.2,180.0,261.0,1.11,"(1,0,0,1,0,0,1,1,0,0,0,1)","(Work.Mining,Work.Kindling,Work.Crafting,Work.Transport,Work.Handiwork)","(Trait.Sturdy,Trait.Alert)","(Skill.Abyssalray.Signature,Skill.Abyssalray.Utility,Skill.Abyssalray.Ultimate)","(Element.Torrent,Element.Torrent,Element.Torrent)","(2.5,8.2,12.0)","(0.91,1.21,1.87)","(0.25,0.45,1.05)",Partner.Abyssalray,,"(Item.Meat,Item.Fiber,Item.TorrentOrgan)","(1,3,2)",,
MasterEcho_082_Riverotter,82,Echo.Riverotter,Riverotter,AquaticLeviathans SchoolingOmnivore,Original aquaticleviathans anatomy built around riverotter ecological silhouette; not a palette variant.,Herbivore,SchoolingOmnivore,Docile,Biome.SylvanRainforest,Activity.Crepscular,Torrent,(Torrent),BaseUtility,1174.6,39.0,30.4,168.8,193.0,279.8,1.11,"(0,2,0,1,0,0,0,1,0,2,0,1)","(Work.Gathering,Work.Kindling,Work.Transport,Work.Medicine,Work.Handiwork)","(Trait.Sturdy,Trait.Alert)","(Skill.Riverotter.Signature,Skill.Riverotter.Utility,Skill.Riverotter.Ultimate)","(Element.Torrent,Element.Torrent,Element.Torrent)","(3.0,9.0,13.5)","(0.91,1.22,1.87)","(0.3,0.55,1.2)",Partner.Riverotter,,"(Item.Meat,Item.Fiber,Item.TorrentOrgan)","(2,4,1)",,
MasterEcho_083_Tsunamishark,83,Echo.Tsunamishark,Tsunamishark,AquaticLeviathans SchoolingOmnivore,Original aquaticleviathans anatomy built around tsunamishark ecological silhouette; not a palette variant.,Herbivore,SchoolingOmnivore,Docile,Biome.SylvanRainforest,Activity.Diurnal,Torrent,(Torrent),BaseUtility,1189.9,39.2,30.5,169.4,206.0,298.7,1.11,"(3,0,3,1,0,0,0,1,0,0,0,1)","(Work.Mining,Work.Farming,Work.Kindling,Work.Transport,Work.Handiwork)","(Trait.Sturdy,Trait.Alert)","(Skill.Tsunamishark.Signature,Skill.Tsunamishark.Utility,Skill.Tsunamishark.Ultimate)","(Element.Torrent,Element.Torrent,Element.Torrent)","(3.5,9.8,15.0)","(0.91,1.22,1.88)","(0.35,0.65,1.35)",Partner.Tsunamishark,,"(Item.Meat,Item.Fiber,Item.TorrentOrgan)","(3,5,2)",,
MasterEcho_084_Sporefrog,84,Echo.Sporefrog,Sporefrog,AquaticLeviathans SchoolingOmnivore,Original aquaticleviathans anatomy built around sporefrog ecological silhouette; not a palette variant.,Herbivore,SchoolingOmnivore,Docile,Biome.SylvanRainforest,Activity.Nocturnal,Torrent,(Torrent),BaseUtility,1205.3,39.3,30.7,170.1,219.0,317.6,1.12,"(0,0,0,4,0,0,0,1,0,0,0,1)","(Work.Kindling,Work.Transport,Work.Handiwork)","(Trait.Sturdy,Trait.Alert)","(Skill.Sporefrog.Signature,Skill.Sporefrog.Utility,Skill.Sporefrog.Ultimate)","(Element.Torrent,Element.Torrent,Element.Torrent)","(4.0,5.0,16.5)","(0.92,1.22,1.88)","(0.2,0.45,0.9)",Partner.Sporefrog,,"(Item.Meat,Item.Fiber,Item.TorrentOrgan)","(1,6,1)",,
MasterEcho_085_Glaciertoad,85,Echo.Glaciertoad,Glaciertoad,AquaticLeviathans SchoolingOmnivore,Original aquaticleviathans anatomy built around glaciertoad ecological silhouette; not a palette variant.,Herbivore,SchoolingOmnivore,Docile,Biome.SylvanRainforest,Activity.Diurnal,Torrent,"(Torrent,Neutral)",BaseUtility,1220.8,39.5,30.8,170.7,232.0,336.4,1.12,"(0,0,0,1,1,0,1,1,0,0,0,1)","(Work.Kindling,Work.Building,Work.Crafting,Work.Transport,Work.Handiwork)","(Trait.Sturdy,Trait.Alert)","(Skill.Glaciertoad.Signature,Skill.Glaciertoad.Utility,Skill.Glaciertoad.Ultimate)","(Element.Torrent,Element.Neutral,Element.Torrent)","(2.0,5.8,18.0)","(0.92,1.22,1.88)","(0.25,0.55,1.05)",Partner.Glaciertoad,,"(Item.Meat,Item.Fiber,Item.TorrentOrgan)","(2,2,2)",,
MasterEcho_086_Reefstalker,86,Echo.Reefstalker,Reefstalker,AquaticLeviathans SchoolingOmnivore,Original aquaticleviathans anatomy built around reefstalker ecological silhouette; not a palette variant.,Herbivore,SchoolingOmnivore,Docile,Biome.SylvanRainforest,Activity.Crepscular,Torrent,(Torrent),BaseUtility,1236.4,39.7,31.0,171.3,245.0,355.2,1.12,"(0,0,0,1,0,2,0,1,0,2,0,1)","(Work.Kindling,Work.Cooling,Work.Transport,Work.Medicine,Work.Handiwork)","(Trait.Sturdy,Trait.Alert)","(Skill.Reefstalker.Signature,Skill.Reefstalker.Utility,Skill.Reefstalker.Ultimate)","(Element.Torrent,Element.Torrent,Element.Torrent)","(2.5,6.6,19.5)","(0.92,1.23,1.89)","(0.3,0.65,1.2)",Partner.Reefstalker,,"(Item.Meat,Item.Fiber,Item.TorrentOrgan)","(3,3,1)",,
MasterEcho_087_Brineback,87,Echo.Brineback,Brineback,AquaticLeviathans SchoolingOmnivore,Original aquaticleviathans anatomy built around brineback ecological silhouette; not a palette variant.,Herbivore,SchoolingOmnivore,Docile,Biome.SylvanRainforest,Activity.Diurnal,Torrent,(Torrent),BaseUtility,1252.2,39.8,31.1,171.9,258.0,374.1,1.12,"(3,0,0,1,0,0,3,1,0,0,0,1)","(Work.Mining,Work.Kindling,Work.Crafting,Work.Transport,Work.Handiwork)","(Trait.Sturdy,Trait.Alert)","(Skill.Brineback.Signature,Skill.Brineback.Utility,Skill.Brineback.Ultimate)","(Element.Torrent,Element.Torrent,Element.Torrent)","(3.0,7.4,21.0)","(0.92,1.23,1.89)","(0.35,0.45,1.35)",Partner.Brineback,,"(Item.Meat,Item.Fiber,Item.TorrentOrgan)","(1,4,2)",,
MasterEcho_088_Kelpdrifter,88,Echo.Kelpdrifter,Kelpdrifter,AquaticLeviathans SchoolingOmnivore,Original aquaticleviathans anatomy built around kelpdrifter ecological silhouette; not a palette variant.,Herbivore,SchoolingOmnivore,Docile,Biome.SylvanRainforest,Activity.Nocturnal,Torrent,(Torrent),BaseUtility,1268.0,40.0,31.2,172.5,271.0,392.9,1.12,"(0,0,0,4,0,0,0,4,0,0,0,1)","(Work.Kindling,Work.Transport,Work.Handiwork)","(Trait.Sturdy,Trait.Alert)","(Skill.Kelpdrifter.Signature,Skill.Kelpdrifter.Utility,Skill.Kelpdrifter.Ultimate)","(Element.Torrent,Element.Torrent,Element.Torrent)","(3.5,8.2,22.5)","(0.92,1.23,1.89)","(0.2,0.55,0.9)",Partner.Kelpdrifter,,"(Item.Meat,Item.Fiber,Item.TorrentOrgan)","(2,5,1)",,
MasterEcho_089_Miregator,89,Echo.Miregator,Miregator,AquaticLeviathans SchoolingOmnivore,Original aquaticleviathans anatomy built around miregator ecological silhouette; not a palette variant.,Herbivore,SchoolingOmnivore,Docile,Biome.SylvanRainforest,Activity.Diurnal,Torrent,(Torrent),BaseUtility,1284.0,40.2,31.4,173.1,284.0,411.8,1.13,"(0,0,0,1,0,0,1,1,1,0,0,1)","(Work.Kindling,Work.Crafting,Work.Transport,Work.Generator,Work.Handiwork)","(Trait.Sturdy,Trait.Alert)","(Skill.Miregator.Signature,Skill.Miregator.Utility,Skill.Miregator.Ultimate)","(Element.Torrent,Element.Torrent,Element.Torrent)","(4.0,9.0,24.0)","(0.93,1.23,1.9)","(0.25,0.65,1.05)",Partner.Miregator,,"(Item.Meat,Item.Fiber,Item.TorrentOrgan)","(3,6,2)",,
MasterEcho_090_Tidecrawler,90,Echo.Tidecrawler,Tidecrawler,AquaticLeviathans SchoolingOmnivore,Original aquaticleviathans anatomy built around tidecrawler ecological silhouette; not a palette variant.,Herbivore,SchoolingOmnivore,Docile,Biome.SylvanRainforest,Activity.Crepscular,Torrent,"(Torrent,Glacial)",BaseUtility,1300.1,40.3,31.5,173.7,180.0,261.0,1.13,"(0,0,0,1,0,0,0,1,0,2,0,1)","(Work.Kindling,Work.Transport,Work.Medicine,Work.Handiwork)","(Trait.Sturdy,Trait.Alert)","(Skill.Tidecrawler.Signature,Skill.Tidecrawler.Utility,Skill.Tidecrawler.Ultimate)","(Element.Torrent,Element.Glacial,Element.Torrent)","(2.0,9.8,12.0)","(0.93,1.23,1.9)","(0.3,0.45,1.2)",Partner.Tidecrawler,,"(Item.Meat,Item.Fiber,Item.TorrentOrgan)","(1,2,1)",,
MasterEcho_091_Siltwhale,91,Echo.Siltwhale,Siltwhale,AquaticLeviathans SchoolingOmnivore,Original aquaticleviathans anatomy built around siltwhale ecological silhouette; not a palette variant.,Herbivore,SchoolingOmnivore,Docile,Biome.SylvanRainforest,Activity.Diurnal,Torrent,(Torrent),BaseUtility,1316.3,40.5,31.7,174.3,193.0,279.8,1.13,"(3,0,0,1,0,0,0,1,0,0,3,1)","(Work.Mining,Work.Kindling,Work.Transport,Work.Watering,Work.Handiwork)","(Trait.Sturdy,Trait.Alert)","(Skill.Siltwhale.Signature,Skill.Siltwhale.Utility,Skill.Siltwhale.Ultimate)","(Element.Torrent,Element.Torrent,Element.Torrent)","(2.5,5.0,13.5)","(0.93,1.24,1.91)","(0.35,0.55,1.35)",Partner.Siltwhale,,"(Item.Meat,Item.Fiber,Item.TorrentOrgan)","(2,3,2)",,
MasterEcho_092_Moonjelly,92,Echo.Moonjelly,Moonjelly,AquaticLeviathans SchoolingOmnivore,Original aquaticleviathans anatomy built around moonjelly ecological silhouette; not a palette variant.,Herbivore,SchoolingOmnivore,Docile,Biome.SylvanRainforest,Activity.Nocturnal,Torrent,(Torrent),BaseUtility,1332.6,40.6,31.8,174.9,206.0,298.7,1.13,"(0,0,0,4,0,0,0,1,0,0,0,4)","(Work.Kindling,Work.Transport,Work.Handiwork)","(Trait.Sturdy,Trait.Alert)","(Skill.Moonjelly.Signature,Skill.Moonjelly.Utility,Skill.Moonjelly.Ultimate)","(Element.Torrent,Element.Torrent,Element.Torrent)","(3.0,5.8,15.0)","(0.93,1.24,1.91)","(0.2,0.65,0.9)",Partner.Moonjelly,,"(Item.Meat,Item.Fiber,Item.TorrentOrgan)","(3,4,1)",,
MasterEcho_093_Stormray,93,Echo.Stormray,Stormray,AquaticLeviathans SchoolingOmnivore,Original aquaticleviathans anatomy built around stormray ecological silhouette; not a palette variant.,Herbivore,SchoolingOmnivore,Docile,Biome.SylvanRainforest,Activity.Diurnal,Torrent,(Torrent),BaseUtility,1349.0,40.8,31.9,175.5,219.0,317.6,1.13,"(1,0,0,1,0,0,1,1,0,0,0,1)","(Work.Mining,Work.Kindling,Work.Crafting,Work.Transport,Work.Handiwork)","(Trait.Sturdy,Trait.Alert)","(Skill.Stormray.Signature,Skill.Stormray.Utility,Skill.Stormray.Ultimate)","(Element.Torrent,Element.Torrent,Element.Torrent)","(3.5,6.6,16.5)","(0.93,1.24,1.91)","(0.25,0.45,1.05)",Partner.Stormray,,"(Item.Meat,Item.Fiber,Item.TorrentOrgan)","(1,5,2)",,
MasterEcho_094_Pearlmaw,94,Echo.Pearlmaw,Pearlmaw,AquaticLeviathans SchoolingOmnivore,Original aquaticleviathans anatomy built around pearlmaw ecological silhouette; not a palette variant.,Herbivore,SchoolingOmnivore,Docile,Biome.SylvanRainforest,Activity.Crepscular,Torrent,(Torrent),BaseUtility,1365.6,41.0,32.1,176.1,232.0,336.4,1.14,"(0,2,0,1,0,0,0,1,0,2,0,1)","(Work.Gathering,Work.Kindling,Work.Transport,Work.Medicine,Work.Handiwork)","(Trait.Sturdy,Trait.Alert)","(Skill.Pearlmaw.Signature,Skill.Pearlmaw.Utility,Skill.Pearlmaw.Ultimate)","(Element.Torrent,Element.Torrent,Element.Torrent)","(4.0,7.4,18.0)","(0.94,1.24,1.92)","(0.3,0.55,1.2)",Partner.Pearlmaw,,"(Item.Meat,Item.Fiber,Item.TorrentOrgan)","(2,6,1)",,
MasterEcho_095_Dewrunner,95,Echo.Dewrunner,Dewrunner,AquaticLeviathans SchoolingOmnivore,Original aquaticleviathans anatomy built around dewrunner ecological silhouette; not a palette variant.,Herbivore,SchoolingOmnivore,Docile,Biome.SylvanRainforest,Activity.Diurnal,Torrent,"(Torrent,Neutral)",BaseUtility,1382.2,41.1,32.2,176.7,245.0,355.2,1.14,"(3,0,3,1,0,0,0,1,0,0,0,1)","(Work.Mining,Work.Farming,Work.Kindling,Work.Transport,Work.Handiwork)","(Trait.Sturdy,Trait.Alert)","(Skill.Dewrunner.Signature,Skill.Dewrunner.Utility,Skill.Dewrunner.Ultimate)","(Element.Torrent,Element.Neutral,Element.Torrent)","(2.0,8.2,19.5)","(0.94,1.25,1.92)","(0.35,0.65,1.35)",Partner.Dewrunner,,"(Item.Meat,Item.Fiber,Item.TorrentOrgan)","(3,2,2)",,
MasterEcho_096_Dreadmantis,96,Echo.Dreadmantis,Dreadmantis,ChitinousArthropods HiveSwarm,Original chitinousarthropods anatomy built around dreadmantis ecological silhouette; not a palette variant.,Herbivore,HiveSwarm,Docile,Biome.ScorchedObsidianCaldera,Activity.Nocturnal,Abyssal,(Abyssal),BaseUtility,1399.0,41.3,32.4,177.3,258.0,374.1,1.14,"(1,0,0,0,1,0,0,0,1,0,0,0)","(Work.Mining,Work.Building,Work.Generator)","(Trait.Sturdy,Trait.Alert)","(Skill.Dreadmantis.Signature,Skill.Dreadmantis.Utility,Skill.Dreadmantis.Ultimate)","(Element.Abyssal,Element.Abyssal,Element.Abyssal)","(2.5,9.0,21.0)","(0.94,1.25,1.92)","(0.2,0.45,0.9)",Partner.Dreadmantis,,"(Item.Meat,Item.Fiber,Item.AbyssalOrgan)","(1,3,1)",,
MasterEcho_097_Sparkwasp,97,Echo.Sparkwasp,Sparkwasp,ChitinousArthropods HiveSwarm,Original chitinousarthropods anatomy built around sparkwasp ecological silhouette; not a palette variant.,Herbivore,HiveSwarm,Docile,Biome.ScorchedObsidianCaldera,Activity.Diurnal,Abyssal,(Abyssal),BaseUtility,1415.9,41.4,32.5,177.9,271.0,392.9,1.14,"(1,0,0,0,1,2,0,2,1,0,0,0)","(Work.Mining,Work.Building,Work.Cooling,Work.Transport,Work.Generator)","(Trait.Sturdy,Trait.Alert)","(Skill.Sparkwasp.Signature,Skill.Sparkwasp.Utility,Skill.Sparkwasp.Ultimate)","(Element.Abyssal,Element.Abyssal,Element.Abyssal)","(3.0,9.8,22.5)","(0.94,1.25,1.93)","(0.25,0.55,1.05)",Partner.Sparkwasp,,"(Item.Meat,Item.Fiber,Item.AbyssalOrgan)","(2,4,2)",,
MasterEcho_098_Terrascarab,98,Echo.Terrascarab,Terrascarab,ChitinousArthropods HiveSwarm,Original chitinousarthropods anatomy built around terrascarab ecological silhouette; not a palette variant.,Herbivore,HiveSwarm,Docile,Biome.ScorchedObsidianCaldera,Activity.Crepscular,Abyssal,(Abyssal),BaseUtility,1432.9,41.6,32.6,178.5,284.0,411.8,1.14,"(1,0,0,0,1,0,3,0,1,0,3,0)","(Work.Mining,Work.Building,Work.Crafting,Work.Generator,Work.Watering)","(Trait.Sturdy,Trait.Alert)","(Skill.Terrascarab.Signature,Skill.Terrascarab.Utility,Skill.Terrascarab.Ultimate)","(Element.Abyssal,Element.Abyssal,Element.Abyssal)","(3.5,5.0,24.0)","(0.94,1.25,1.93)","(0.3,0.65,1.2)",Partner.Terrascarab,,"(Item.Meat,Item.Fiber,Item.AbyssalOrgan)","(3,5,1)",,
MasterEcho_099_Cinderant,99,Echo.Cinderant,Cinderant,ChitinousArthropods HiveSwarm,Original chitinousarthropods anatomy built around cinderant ecological silhouette; not a palette variant.,Herbivore,HiveSwarm,Docile,Biome.ScorchedObsidianCaldera,Activity.Diurnal,Abyssal,(Abyssal),BaseUtility,1450.1,41.8,32.8,179.1,180.0,261.0,1.15,"(1,4,0,0,1,0,0,4,1,0,0,0)","(Work.Mining,Work.Gathering,Work.Building,Work.Transport,Work.Generator)","(Trait.Sturdy,Trait.Alert)","(Skill.Cinderant.Signature,Skill.Cinderant.Utility,Skill.Cinderant.Ultimate)","(Element.Abyssal,Element.Abyssal,Element.Abyssal)","(4.0,5.8,12.0)","(0.95,1.26,1.93)","(0.35,0.45,1.35)",Partner.Cinderant,,"(Item.Meat,Item.Fiber,Item.AbyssalOrgan)","(1,6,2)",,
MasterEcho_100_Frostmoth,100,Echo.Frostmoth,Frostmoth,ChitinousArthropods HiveSwarm,Original chitinousarthropods anatomy built around frostmoth ecological silhouette; not a palette variant.,Herbivore,HiveSwarm,Docile,Biome.ScorchedObsidianCaldera,Activity.Nocturnal,Abyssal,"(Abyssal,Neutral)",BaseUtility,1467.3,41.9,32.9,179.7,193.0,279.8,1.15,"(1,0,0,0,1,0,0,0,1,0,0,0)","(Work.Mining,Work.Building,Work.Generator)","(Trait.Sturdy,Trait.Alert)","(Skill.Frostmoth.Signature,Skill.Frostmoth.Utility,Skill.Frostmoth.Ultimate)","(Element.Abyssal,Element.Neutral,Element.Abyssal)","(2.0,6.6,13.5)","(0.95,1.26,1.94)","(0.2,0.55,0.9)",Partner.Frostmoth,,"(Item.Meat,Item.Fiber,Item.AbyssalOrgan)","(2,2,1)",,
MasterEcho_101_Venomweaver,101,Echo.Venomweaver,Venomweaver,ChitinousArthropods HiveSwarm,Original chitinousarthropods anatomy built around venomweaver ecological silhouette; not a palette variant.,Herbivore,HiveSwarm,Docile,Biome.ScorchedObsidianCaldera,Activity.Diurnal,Abyssal,(Abyssal),BaseUtility,1484.7,42.1,33.1,180.3,206.0,298.7,1.15,"(1,0,0,0,1,0,0,2,1,2,0,0)","(Work.Mining,Work.Building,Work.Transport,Work.Generator,Work.Medicine)","(Trait.Sturdy,Trait.Alert)","(Skill.Venomweaver.Signature,Skill.Venomweaver.Utility,Skill.Venomweaver.Ultimate)","(Element.Abyssal,Element.Abyssal,Element.Abyssal)","(2.5,7.4,15.0)","(0.95,1.26,1.94)","(0.25,0.65,1.05)",Partner.Venomweaver,,"(Item.Meat,Item.Fiber,Item.AbyssalOrgan)","(3,3,2)",,
MasterEcho_102_Lumifly,102,Echo.Lumifly,Lumifly,ChitinousArthropods HiveSwarm,Original chitinousarthropods anatomy built around lumifly ecological silhouette; not a palette variant.,Herbivore,HiveSwarm,Docile,Biome.ScorchedObsidianCaldera,Activity.Crepscular,Abyssal,(Abyssal),BaseUtility,1502.2,42.2,33.2,180.9,219.0,317.6,1.15,"(1,0,0,0,1,0,0,0,1,0,3,0)","(Work.Mining,Work.Building,Work.Generator,Work.Watering)","(Trait.Sturdy,Trait.Alert)","(Skill.Lumifly.Signature,Skill.Lumifly.Utility,Skill.Lumifly.Ultimate)","(Element.Abyssal,Element.Abyssal,Element.Abyssal)","(3.0,8.2,16.5)","(0.95,1.26,1.95)","(0.3,0.45,1.2)",Partner.Lumifly,,"(Item.Meat,Item.Fiber,Item.AbyssalOrgan)","(1,4,1)",,
MasterEcho_103_Armorscorp,103,Echo.Armorscorp,Armorscorp,ChitinousArthropods HiveSwarm,Original chitinousarthropods anatomy built around armorscorp ecological silhouette; not a palette variant.,Herbivore,HiveSwarm,Docile,Biome.ScorchedObsidianCaldera,Activity.Diurnal,Abyssal,(Abyssal),BaseUtility,1519.8,42.4,33.4,181.5,232.0,336.4,1.16,"(1,4,0,0,1,0,0,0,1,0,0,4)","(Work.Mining,Work.Gathering,Work.Building,Work.Generator,Work.Handiwork)","(Trait.Sturdy,Trait.Alert)","(Skill.Armorscorp.Signature,Skill.Armorscorp.Utility,Skill.Armorscorp.Ultimate)","(Element.Abyssal,Element.Abyssal,Element.Abyssal)","(3.5,9.0,18.0)","(0.96,1.27,1.95)","(0.35,0.55,1.35)",Partner.Armorscorp,,"(Item.Meat,Item.Fiber,Item.AbyssalOrgan)","(2,5,2)",,
MasterEcho_104_Chlorophyte,104,Echo.Chlorophyte,Chlorophyte,ChitinousArthropods HiveSwarm,Original chitinousarthropods anatomy built around chlorophyte ecological silhouette; not a palette variant.,Herbivore,HiveSwarm,Docile,Biome.ScorchedObsidianCaldera,Activity.Nocturnal,Abyssal,(Abyssal),BaseUtility,1537.5,42.6,33.5,182.1,245.0,355.2,1.16,"(1,0,0,0,1,0,0,0,1,0,0,0)","(Work.Mining,Work.Building,Work.Generator)","(Trait.Sturdy,Trait.Alert)","(Skill.Chlorophyte.Signature,Skill.Chlorophyte.Utility,Skill.Chlorophyte.Ultimate)","(Element.Abyssal,Element.Abyssal,Element.Abyssal)","(4.0,9.8,19.5)","(0.96,1.27,1.95)","(0.2,0.65,0.9)",Partner.Chlorophyte,,"(Item.Meat,Item.Fiber,Item.AbyssalOrgan)","(3,6,1)",,
MasterEcho_105_Dynastoceros,105,Echo.Dynastoceros,Dynastoceros,ChitinousArthropods HiveSwarm,Original chitinousarthropods anatomy built around dynastoceros ecological silhouette; not a palette variant.,Herbivore,HiveSwarm,Docile,Biome.ScorchedObsidianCaldera,Activity.Diurnal,Abyssal,"(Abyssal,Glacial)",BaseUtility,1555.3,42.7,33.6,182.7,258.0,374.1,1.16,"(1,2,0,0,1,0,0,2,1,0,0,0)","(Work.Mining,Work.Gathering,Work.Building,Work.Transport,Work.Generator)","(Trait.Sturdy,Trait.Alert)","(Skill.Dynastoceros.Signature,Skill.Dynastoceros.Utility,Skill.Dynastoceros.Ultimate)","(Element.Abyssal,Element.Glacial,Element.Abyssal)","(2.0,5.0,21.0)","(0.96,1.27,1.96)","(0.25,0.45,1.05)",Partner.Dynastoceros,,"(Item.Meat,Item.Fiber,Item.AbyssalOrgan)","(1,2,2)",,
MasterEcho_106_Sporeweevil,106,Echo.Sporeweevil,Sporeweevil,ChitinousArthropods HiveSwarm,Original chitinousarthropods anatomy built around sporeweevil ecological silhouette; not a palette variant.,Herbivore,HiveSwarm,Docile,Biome.ScorchedObsidianCaldera,Activity.Crepscular,Abyssal,(Abyssal),BaseUtility,1573.3,42.9,33.8,183.3,271.0,392.9,1.16,"(1,0,3,0,1,0,0,0,1,0,3,0)","(Work.Mining,Work.Farming,Work.Building,Work.Generator,Work.Watering)","(Trait.Sturdy,Trait.Alert)","(Skill.Sporeweevil.Signature,Skill.Sporeweevil.Utility,Skill.Sporeweevil.Ultimate)","(Element.Abyssal,Element.Abyssal,Element.Abyssal)","(2.5,5.8,22.5)","(0.96,1.27,1.96)","(0.3,0.55,1.2)",Partner.Sporeweevil,,"(Item.Meat,Item.Fiber,Item.AbyssalOrgan)","(2,3,1)",,
MasterEcho_107_Dunecrawler,107,Echo.Dunecrawler,Dunecrawler,ChitinousArthropods HiveSwarm,Original chitinousarthropods anatomy built around dunecrawler ecological silhouette; not a palette variant.,Herbivore,HiveSwarm,Docile,Biome.ScorchedObsidianCaldera,Activity.Diurnal,Abyssal,(Abyssal),BaseUtility,1591.3,43.0,33.9,183.9,284.0,411.8,1.16,"(1,4,0,4,1,0,0,0,1,0,0,0)","(Work.Mining,Work.Gathering,Work.Kindling,Work.Building,Work.Generator)","(Trait.Sturdy,Trait.Alert)","(Skill.Dunecrawler.Signature,Skill.Dunecrawler.Utility,Skill.Dunecrawler.Ultimate)","(Element.Abyssal,Element.Abyssal,Element.Abyssal)","(3.0,6.6,24.0)","(0.96,1.28,1.96)","(0.35,0.65,1.35)",Partner.Dunecrawler,,"(Item.Meat,Item.Fiber,Item.AbyssalOrgan)","(3,4,2)",,
MasterEcho_108_Magmacaterpillar,108,Echo.Magmacaterpillar,Magmacaterpillar,ChitinousArthropods HiveSwarm,Original chitinousarthropods anatomy built around magmacaterpillar ecological silhouette; not a palette variant.,Herbivore,HiveSwarm,Docile,Biome.ScorchedObsidianCaldera,Activity.Nocturnal,Abyssal,(Abyssal),BaseUtility,1609.5,43.2,34.1,184.5,180.0,261.0,1.17,"(1,0,0,0,1,0,0,0,1,0,0,0)","(Work.Mining,Work.Building,Work.Generator)","(Trait.Sturdy,Trait.Alert)","(Skill.Magmacaterpillar.Signature,Skill.Magmacaterpillar.Utility,Skill.Magmacaterpillar.Ultimate)","(Element.Abyssal,Element.Abyssal,Element.Abyssal)","(3.5,7.4,12.0)","(0.97,1.28,1.97)","(0.2,0.45,0.9)",Partner.Magmacaterpillar,,"(Item.Meat,Item.Fiber,Item.AbyssalOrgan)","(1,5,1)",,
MasterEcho_109_Abyssalsentinel,109,Echo.Abyssalsentinel,Abyssalsentinel,ChitinousArthropods HiveSwarm,Original chitinousarthropods anatomy built around abyssalsentinel ecological silhouette; not a palette variant.,Herbivore,HiveSwarm,Docile,Biome.ScorchedObsidianCaldera,Activity.Diurnal,Abyssal,(Abyssal),BaseUtility,1627.8,43.4,34.2,185.1,193.0,279.8,1.17,"(1,0,0,0,1,2,0,2,1,0,0,0)","(Work.Mining,Work.Building,Work.Cooling,Work.Transport,Work.Generator)","(Trait.Sturdy,Trait.Alert)","(Skill.Abyssalsentinel.Signature,Skill.Abyssalsentinel.Utility,Skill.Abyssalsentinel.Ultimate)","(Element.Abyssal,Element.Abyssal,Element.Abyssal)","(4.0,8.2,13.5)","(0.97,1.28,1.97)","(0.25,0.55,1.05)",Partner.Abyssalsentinel,,"(Item.Meat,Item.Fiber,Item.AbyssalOrgan)","(2,6,2)",,
MasterEcho_110_Razorbeetle,110,Echo.Razorbeetle,Razorbeetle,ChitinousArthropods HiveSwarm,Original chitinousarthropods anatomy built around razorbeetle ecological silhouette; not a palette variant.,Herbivore,HiveSwarm,Docile,Biome.ScorchedObsidianCaldera,Activity.Crepscular,Abyssal,"(Abyssal,Torrent)",BaseUtility,1646.2,43.5,34.3,185.7,206.0,298.7,1.17,"(1,0,0,0,1,0,3,0,1,0,3,0)","(Work.Mining,Work.Building,Work.Crafting,Work.Generator,Work.Watering)","(Trait.Sturdy,Trait.Alert)","(Skill.Razorbeetle.Signature,Skill.Razorbeetle.Utility,Skill.Razorbeetle.Ultimate)","(Element.Abyssal,Element.Torrent,Element.Abyssal)","(2.0,9.0,15.0)","(0.97,1.28,1.97)","(0.3,0.65,1.2)",Partner.Razorbeetle,,"(Item.Meat,Item.Fiber,Item.AbyssalOrgan)","(3,2,1)",,
MasterEcho_111_Miretick,111,Echo.Miretick,Miretick,ChitinousArthropods HiveSwarm,Original chitinousarthropods anatomy built around miretick ecological silhouette; not a palette variant.,Herbivore,HiveSwarm,Docile,Biome.ScorchedObsidianCaldera,Activity.Diurnal,Abyssal,(Abyssal),BaseUtility,1664.8,43.7,34.5,186.3,219.0,317.6,1.17,"(1,4,0,0,1,0,0,4,1,0,0,0)","(Work.Mining,Work.Gathering,Work.Building,Work.Transport,Work.Generator)","(Trait.Sturdy,Trait.Alert)","(Skill.Miretick.Signature,Skill.Miretick.Utility,Skill.Miretick.Ultimate)","(Element.Abyssal,Element.Abyssal,Element.Abyssal)","(2.5,9.8,16.5)","(0.97,1.29,1.98)","(0.35,0.45,1.35)",Partner.Miretick,,"(Item.Meat,Item.Fiber,Item.AbyssalOrgan)","(1,3,2)",,
MasterEcho_112_Crystalcicada,112,Echo.Crystalcicada,Crystalcicada,ChitinousArthropods HiveSwarm,Original chitinousarthropods anatomy built around crystalcicada ecological silhouette; not a palette variant.,Herbivore,HiveSwarm,Docile,Biome.ScorchedObsidianCaldera,Activity.Nocturnal,Abyssal,(Abyssal),BaseUtility,1683.4,43.8,34.6,186.9,232.0,336.4,1.17,"(1,0,0,0,1,0,0,0,1,0,0,0)","(Work.Mining,Work.Building,Work.Generator)","(Trait.Sturdy,Trait.Alert)","(Skill.Crystalcicada.Signature,Skill.Crystalcicada.Utility,Skill.Crystalcicada.Ultimate)","(Element.Abyssal,Element.Abyssal,Element.Abyssal)","(3.0,5.0,18.0)","(0.97,1.29,1.98)","(0.2,0.55,0.9)",Partner.Crystalcicada,,"(Item.Meat,Item.Fiber,Item.AbyssalOrgan)","(2,4,1)",,
MasterEcho_113_Emberhornet,113,Echo.Emberhornet,Emberhornet,ChitinousArthropods HiveSwarm,Original chitinousarthropods anatomy built around emberhornet ecological silhouette; not a palette variant.,Herbivore,HiveSwarm,Docile,Biome.ScorchedObsidianCaldera,Activity.Diurnal,Abyssal,(Abyssal),BaseUtility,1702.2,44.0,34.8,187.5,245.0,355.2,1.18,"(1,0,0,0,1,0,0,2,1,2,0,0)","(Work.Mining,Work.Building,Work.Transport,Work.Generator,Work.Medicine)","(Trait.Sturdy,Trait.Alert)","(Skill.Emberhornet.Signature,Skill.Emberhornet.Utility,Skill.Emberhornet.Ultimate)","(Element.Abyssal,Element.Abyssal,Element.Abyssal)","(3.5,5.8,19.5)","(0.98,1.29,1.99)","(0.25,0.65,1.05)",Partner.Emberhornet,,"(Item.Meat,Item.Fiber,Item.AbyssalOrgan)","(3,5,2)",,
MasterEcho_114_Glacialgrub,114,Echo.Glacialgrub,Glacialgrub,ChitinousArthropods HiveSwarm,Original chitinousarthropods anatomy built around glacialgrub ecological silhouette; not a palette variant.,Herbivore,HiveSwarm,Docile,Biome.ScorchedObsidianCaldera,Activity.Crepscular,Abyssal,(Abyssal),BaseUtility,1721.1,44.2,34.9,188.1,258.0,374.1,1.18,"(1,0,0,0,1,0,0,0,1,0,3,0)","(Work.Mining,Work.Building,Work.Generator,Work.Watering)","(Trait.Sturdy,Trait.Alert)","(Skill.Glacialgrub.Signature,Skill.Glacialgrub.Utility,Skill.Glacialgrub.Ultimate)","(Element.Abyssal,Element.Abyssal,Element.Abyssal)","(4.0,6.6,21.0)","(0.98,1.29,1.99)","(0.3,0.45,1.2)",Partner.Glacialgrub,,"(Item.Meat,Item.Fiber,Item.AbyssalOrgan)","(1,6,1)",,
MasterEcho_115_Voltbeetle,115,Echo.Voltbeetle,Voltbeetle,ChitinousArthropods HiveSwarm,Original chitinousarthropods anatomy built around voltbeetle ecological silhouette; not a palette variant.,Herbivore,HiveSwarm,Docile,Biome.ScorchedObsidianCaldera,Activity.Diurnal,Abyssal,"(Abyssal,Astra)",BaseUtility,1740.1,44.3,35.0,188.7,271.0,392.9,1.18,"(1,4,0,0,1,0,0,0,1,0,0,4)","(Work.Mining,Work.Gathering,Work.Building,Work.Generator,Work.Handiwork)","(Trait.Sturdy,Trait.Alert)","(Skill.Voltbeetle.Signature,Skill.Voltbeetle.Utility,Skill.Voltbeetle.Ultimate)","(Element.Abyssal,Element.Astra,Element.Abyssal)","(2.0,7.4,22.5)","(0.98,1.29,1.99)","(0.35,0.55,1.35)",Partner.Voltbeetle,,"(Item.Meat,Item.Fiber,Item.AbyssalOrgan)","(2,2,2)",,
MasterEcho_116_Rootweevil,116,Echo.Rootweevil,Rootweevil,ChitinousArthropods HiveSwarm,Original chitinousarthropods anatomy built around rootweevil ecological silhouette; not a palette variant.,Herbivore,HiveSwarm,Docile,Biome.ScorchedObsidianCaldera,Activity.Nocturnal,Abyssal,(Abyssal),BaseUtility,1759.2,44.5,35.2,189.3,284.0,411.8,1.18,"(1,0,0,0,1,0,0,0,1,0,0,0)","(Work.Mining,Work.Building,Work.Generator)","(Trait.Sturdy,Trait.Alert)","(Skill.Rootweevil.Signature,Skill.Rootweevil.Utility,Skill.Rootweevil.Ultimate)","(Element.Abyssal,Element.Abyssal,Element.Abyssal)","(2.5,8.2,24.0)","(0.98,1.3,2.0)","(0.2,0.65,0.9)",Partner.Rootweevil,,"(Item.Meat,Item.Fiber,Item.AbyssalOrgan)","(3,3,1)",,
MasterEcho_117_Ashsilkworm,117,Echo.Ashsilkworm,Ashsilkworm,ChitinousArthropods HiveSwarm,Original chitinousarthropods anatomy built around ashsilkworm ecological silhouette; not a palette variant.,Herbivore,HiveSwarm,Docile,Biome.ScorchedObsidianCaldera,Activity.Diurnal,Abyssal,(Abyssal),BaseUtility,1778.4,44.7,35.3,189.9,180.0,261.0,1.18,"(1,2,0,0,1,0,0,2,1,0,0,0)","(Work.Mining,Work.Gathering,Work.Building,Work.Transport,Work.Generator)","(Trait.Sturdy,Trait.Alert)","(Skill.Ashsilkworm.Signature,Skill.Ashsilkworm.Utility,Skill.Ashsilkworm.Ultimate)","(Element.Abyssal,Element.Abyssal,Element.Abyssal)","(3.0,9.0,12.0)","(0.98,1.3,2.0)","(0.25,0.45,1.05)",Partner.Ashsilkworm,,"(Item.Meat,Item.Fiber,Item.AbyssalOrgan)","(1,4,2)",,
MasterEcho_118_Gloomhopper,118,Echo.Gloomhopper,Gloomhopper,ChitinousArthropods HiveSwarm,Original chitinousarthropods anatomy built around gloomhopper ecological silhouette; not a palette variant.,Herbivore,HiveSwarm,Docile,Biome.ScorchedObsidianCaldera,Activity.Crepscular,Abyssal,(Abyssal),BaseUtility,1797.7,44.8,35.5,190.6,193.0,279.8,1.19,"(1,0,3,0,1,0,0,0,1,0,3,0)","(Work.Mining,Work.Farming,Work.Building,Work.Generator,Work.Watering)","(Trait.Sturdy,Trait.Alert)","(Skill.Gloomhopper.Signature,Skill.Gloomhopper.Utility,Skill.Gloomhopper.Ultimate)","(Element.Abyssal,Element.Abyssal,Element.Abyssal)","(3.5,9.8,13.5)","(0.99,1.3,2.0)","(0.3,0.55,1.2)",Partner.Gloomhopper,,"(Item.Meat,Item.Fiber,Item.AbyssalOrgan)","(2,5,1)",,
MasterEcho_119_Ironmantid,119,Echo.Ironmantid,Ironmantid,ChitinousArthropods HiveSwarm,Original chitinousarthropods anatomy built around ironmantid ecological silhouette; not a palette variant.,Herbivore,HiveSwarm,Docile,Biome.ScorchedObsidianCaldera,Activity.Diurnal,Abyssal,(Abyssal),BaseUtility,1817.2,45.0,35.6,191.2,206.0,298.7,1.19,"(1,4,0,4,1,0,0,0,1,0,0,0)","(Work.Mining,Work.Gathering,Work.Kindling,Work.Building,Work.Generator)","(Trait.Sturdy,Trait.Alert)","(Skill.Ironmantid.Signature,Skill.Ironmantid.Utility,Skill.Ironmantid.Ultimate)","(Element.Abyssal,Element.Abyssal,Element.Abyssal)","(4.0,5.0,15.0)","(0.99,1.3,2.01)","(0.35,0.65,1.35)",Partner.Ironmantid,,"(Item.Meat,Item.Fiber,Item.AbyssalOrgan)","(3,6,2)",,
MasterEcho_120_Astrapupa,120,Echo.Astrapupa,Astrapupa,ChitinousArthropods HiveSwarm,Original chitinousarthropods anatomy built around astrapupa ecological silhouette; not a palette variant.,Herbivore,HiveSwarm,Docile,Biome.ScorchedObsidianCaldera,Activity.Nocturnal,Abyssal,"(Abyssal,Volt)",BaseUtility,1836.8,45.1,35.7,191.8,219.0,317.6,1.19,"(1,0,0,0,1,0,0,0,1,0,0,0)","(Work.Mining,Work.Building,Work.Generator)","(Trait.Sturdy,Trait.Alert)","(Skill.Astrapupa.Signature,Skill.Astrapupa.Utility,Skill.Astrapupa.Ultimate)","(Element.Abyssal,Element.Volt,Element.Abyssal)","(2.0,5.8,16.5)","(0.99,1.31,2.01)","(0.2,0.45,0.9)",Partner.Astrapupa,,"(Item.Meat,Item.Fiber,Item.AbyssalOrgan)","(1,2,1)",,
MasterEcho_121_Lambit,121,Echo.Lambit,Lambit,FloraFungiSpirits DocileHerd,Original florafungispirits anatomy built around lambit ecological silhouette; not a palette variant.,Herbivore,DocileHerd,Docile,Biome.DawnMeadows,Activity.Diurnal,Neutral,(Neutral),BaseUtility,1856.5,45.3,35.9,192.4,232.0,336.4,1.19,"(0,1,0,0,0,1,3,0,3,1,0,0)","(Work.Gathering,Work.Cooling,Work.Crafting,Work.Generator,Work.Medicine)","(Trait.Sturdy,Trait.Alert)","(Skill.Lambit.Signature,Skill.Lambit.Utility,Skill.Lambit.Ultimate)","(Element.Neutral,Element.Neutral,Element.Neutral)","(2.5,6.6,18.0)","(0.99,1.31,2.01)","(0.25,0.55,1.05)",Partner.Lambit,,"(Item.Meat,Item.Fiber,Item.NeutralOrgan)","(2,3,2)",,
MasterEcho_122_MischiefCat,122,Echo.MischiefCat,MischiefCat,FloraFungiSpirits DocileHerd,Original florafungispirits anatomy built around mischiefcat ecological silhouette; not a palette variant.,Herbivore,DocileHerd,Docile,Biome.DawnMeadows,Activity.Crepscular,Neutral,(Neutral),BaseUtility,1876.3,45.5,36.0,193.0,245.0,355.2,1.19,"(0,1,0,0,0,1,0,4,0,1,0,4)","(Work.Gathering,Work.Cooling,Work.Transport,Work.Medicine,Work.Handiwork)","(Trait.Sturdy,Trait.Alert)","(Skill.MischiefCat.Signature,Skill.MischiefCat.Utility,Skill.MischiefCat.Ultimate)","(Element.Neutral,Element.Neutral,Element.Neutral)","(3.0,7.4,19.5)","(0.99,1.31,2.02)","(0.3,0.65,1.2)",Partner.MischiefCat,,"(Item.Meat,Item.Fiber,Item.NeutralOrgan)","(3,4,1)",,
MasterEcho_123_Sporecap,123,Echo.Sporecap,Sporecap,FloraFungiSpirits DocileHerd,Original florafungispirits anatomy built around sporecap ecological silhouette; not a palette variant.,Herbivore,DocileHerd,Docile,Biome.DawnMeadows,Activity.Diurnal,Neutral,(Neutral),BaseUtility,1896.2,45.6,36.2,193.6,258.0,374.1,1.2,"(0,1,1,0,0,1,0,0,1,1,0,0)","(Work.Gathering,Work.Farming,Work.Cooling,Work.Generator,Work.Medicine)","(Trait.Sturdy,Trait.Alert)","(Skill.Sporecap.Signature,Skill.Sporecap.Utility,Skill.Sporecap.Ultimate)","(Element.Neutral,Element.Neutral,Element.Neutral)","(3.5,8.2,21.0)","(1.0,1.31,2.02)","(0.35,0.45,1.35)",Partner.Sporecap,,"(Item.Meat,Item.Fiber,Item.NeutralOrgan)","(1,5,2)",,
MasterEcho_124_Florafox,124,Echo.Florafox,Florafox,FloraFungiSpirits DocileHerd,Original florafungispirits anatomy built around florafox ecological silhouette; not a palette variant.,Herbivore,DocileHerd,Docile,Biome.DawnMeadows,Activity.Nocturnal,Neutral,(Neutral),BaseUtility,1916.3,45.8,36.3,194.2,271.0,392.9,1.2,"(0,1,0,0,0,2,0,0,0,2,0,0)","(Work.Gathering,Work.Cooling,Work.Medicine)","(Trait.Sturdy,Trait.Alert)","(Skill.Florafox.Signature,Skill.Florafox.Utility,Skill.Florafox.Ultimate)","(Element.Neutral,Element.Neutral,Element.Neutral)","(4.0,9.0,22.5)","(1.0,1.32,2.03)","(0.2,0.55,0.9)",Partner.Florafox,,"(Item.Meat,Item.Fiber,Item.NeutralOrgan)","(2,6,1)",,
MasterEcho_125_Treantling,125,Echo.Treantling,Treantling,FloraFungiSpirits DocileHerd,Original florafungispirits anatomy built around treantling ecological silhouette; not a palette variant.,Herbivore,DocileHerd,Docile,Biome.DawnMeadows,Activity.Diurnal,Neutral,"(Neutral,Torrent)",BaseUtility,1936.4,45.9,36.4,194.8,284.0,411.8,1.2,"(0,1,0,0,0,1,0,0,3,1,3,0)","(Work.Gathering,Work.Cooling,Work.Generator,Work.Medicine,Work.Watering)","(Trait.Sturdy,Trait.Alert)","(Skill.Treantling.Signature,Skill.Treantling.Utility,Skill.Treantling.Ultimate)","(Element.Neutral,Element.Torrent,Element.Neutral)","(2.0,9.8,24.0)","(1.0,1.32,2.03)","(0.25,0.65,1.05)",Partner.Treantling,,"(Item.Meat,Item.Fiber,Item.NeutralOrgan)","(3,2,2)",,
MasterEcho_126_Bloomdeer,126,Echo.Bloomdeer,Bloomdeer,FloraFungiSpirits DocileHerd,Original florafungispirits anatomy built around bloomdeer ecological silhouette; not a palette variant.,Herbivore,DocileHerd,Docile,Biome.DawnMeadows,Activity.Crepscular,Neutral,(Neutral),BaseUtility,1956.7,46.1,36.6,195.4,180.0,261.0,1.2,"(0,1,0,0,0,1,0,0,0,1,0,4)","(Work.Gathering,Work.Cooling,Work.Medicine,Work.Handiwork)","(Trait.Sturdy,Trait.Alert)","(Skill.Bloomdeer.Signature,Skill.Bloomdeer.Utility,Skill.Bloomdeer.Ultimate)","(Element.Neutral,Element.Neutral,Element.Neutral)","(2.5,5.0,12.0)","(1.0,1.32,2.03)","(0.3,0.45,1.2)",Partner.Bloomdeer,,"(Item.Meat,Item.Fiber,Item.NeutralOrgan)","(1,3,1)",,
MasterEcho_127_Cactusbrawler,127,Echo.Cactusbrawler,Cactusbrawler,FloraFungiSpirits DocileHerd,Original florafungispirits anatomy built around cactusbrawler ecological silhouette; not a palette variant.,Herbivore,DocileHerd,Docile,Biome.DawnMeadows,Activity.Diurnal,Neutral,(Neutral),BaseUtility,1977.1,46.3,36.7,196.0,193.0,279.8,1.2,"(1,1,1,0,0,1,0,0,0,1,0,0)","(Work.Mining,Work.Gathering,Work.Farming,Work.Cooling,Work.Medicine)","(Trait.Sturdy,Trait.Alert)","(Skill.Cactusbrawler.Signature,Skill.Cactusbrawler.Utility,Skill.Cactusbrawler.Ultimate)","(Element.Neutral,Element.Neutral,Element.Neutral)","(3.0,5.8,13.5)","(1.0,1.32,2.04)","(0.35,0.55,1.35)",Partner.Cactusbrawler,,"(Item.Meat,Item.Fiber,Item.NeutralOrgan)","(2,4,2)",,
MasterEcho_128_Bramblewolf,128,Echo.Bramblewolf,Bramblewolf,FloraFungiSpirits DocileHerd,Original florafungispirits anatomy built around bramblewolf ecological silhouette; not a palette variant.,Herbivore,DocileHerd,Docile,Biome.DawnMeadows,Activity.Nocturnal,Neutral,(Neutral),BaseUtility,1997.6,46.4,36.9,196.6,206.0,298.7,1.21,"(0,2,0,0,0,2,0,0,0,1,0,0)","(Work.Gathering,Work.Cooling,Work.Medicine)","(Trait.Sturdy,Trait.Alert)","(Skill.Bramblewolf.Signature,Skill.Bramblewolf.Utility,Skill.Bramblewolf.Ultimate)","(Element.Neutral,Element.Neutral,Element.Neutral)","(3.5,6.6,15.0)","(1.01,1.33,2.04)","(0.2,0.65,0.9)",Partner.Bramblewolf,,"(Item.Meat,Item.Fiber,Item.NeutralOrgan)","(3,5,1)",,
MasterEcho_129_Shroombeast,129,Echo.Shroombeast,Shroombeast,FloraFungiSpirits DocileHerd,Original florafungispirits anatomy built around shroombeast ecological silhouette; not a palette variant.,Herbivore,DocileHerd,Docile,Biome.DawnMeadows,Activity.Diurnal,Neutral,(Neutral),BaseUtility,2018.2,46.6,37.0,197.2,219.0,317.6,1.21,"(0,1,3,0,0,1,0,0,3,1,0,0)","(Work.Gathering,Work.Farming,Work.Cooling,Work.Generator,Work.Medicine)","(Trait.Sturdy,Trait.Alert)","(Skill.Shroombeast.Signature,Skill.Shroombeast.Utility,Skill.Shroombeast.Ultimate)","(Element.Neutral,Element.Neutral,Element.Neutral)","(4.0,7.4,16.5)","(1.01,1.33,2.04)","(0.25,0.45,1.05)",Partner.Shroombeast,,"(Item.Meat,Item.Fiber,Item.NeutralOrgan)","(1,6,2)",,
MasterEcho_130_Sunpetal,130,Echo.Sunpetal,Sunpetal,FloraFungiSpirits DocileHerd,Original florafungispirits anatomy built around sunpetal ecological silhouette; not a palette variant.,Herbivore,DocileHerd,Docile,Biome.DawnMeadows,Activity.Crepscular,Neutral,"(Neutral,Astra)",BaseUtility,2039.0,46.7,37.2,197.8,232.0,336.4,1.21,"(0,1,0,4,0,1,0,0,0,1,0,4)","(Work.Gathering,Work.Kindling,Work.Cooling,Work.Medicine,Work.Handiwork)","(Trait.Sturdy,Trait.Alert)","(Skill.Sunpetal.Signature,Skill.Sunpetal.Utility,Skill.Sunpetal.Ultimate)","(Element.Neutral,Element.Astra,Element.Neutral)","(2.0,8.2,18.0)","(1.01,1.33,2.05)","(0.3,0.55,1.2)",Partner.Sunpetal,,"(Item.Meat,Item.Fiber,Item.NeutralOrgan)","(2,2,1)",,
MasterEcho_131_Groveranger,131,Echo.Groveranger,Groveranger,FloraFungiSpirits DocileHerd,Original florafungispirits anatomy built around groveranger ecological silhouette; not a palette variant.,Herbivore,DocileHerd,Docile,Biome.DawnMeadows,Activity.Diurnal,Neutral,(Neutral),BaseUtility,2059.8,46.9,37.3,198.4,245.0,355.2,1.21,"(0,1,1,0,1,1,0,0,0,1,0,0)","(Work.Gathering,Work.Farming,Work.Building,Work.Cooling,Work.Medicine)","(Trait.Sturdy,Trait.Alert)","(Skill.Groveranger.Signature,Skill.Groveranger.Utility,Skill.Groveranger.Ultimate)","(Element.Neutral,Element.Neutral,Element.Neutral)","(2.5,9.0,19.5)","(1.01,1.33,2.05)","(0.35,0.65,1.35)",Partner.Groveranger,,"(Item.Meat,Item.Fiber,Item.NeutralOrgan)","(3,3,2)",,
MasterEcho_132_Rootgolem,132,Echo.Rootgolem,Rootgolem,FloraFungiSpirits DocileHerd,Original florafungispirits anatomy built around rootgolem ecological silhouette; not a palette variant.,Herbivore,DocileHerd,Docile,Biome.DawnMeadows,Activity.Nocturnal,Neutral,(Neutral),BaseUtility,2080.8,47.1,37.4,199.0,258.0,374.1,1.21,"(0,1,0,0,0,2,0,0,0,1,0,0)","(Work.Gathering,Work.Cooling,Work.Medicine)","(Trait.Sturdy,Trait.Alert)","(Skill.Rootgolem.Signature,Skill.Rootgolem.Utility,Skill.Rootgolem.Ultimate)","(Element.Neutral,Element.Neutral,Element.Neutral)","(3.0,9.8,21.0)","(1.01,1.34,2.05)","(0.2,0.45,0.9)",Partner.Rootgolem,,"(Item.Meat,Item.Fiber,Item.NeutralOrgan)","(1,4,1)",,
MasterEcho_133_Sproutling,133,Echo.Sproutling,Sproutling,FloraFungiSpirits DocileHerd,Original florafungispirits anatomy built around sproutling ecological silhouette; not a palette variant.,Herbivore,DocileHerd,Docile,Biome.DawnMeadows,Activity.Diurnal,Neutral,(Neutral),BaseUtility,2101.9,47.2,37.6,199.6,271.0,392.9,1.22,"(0,1,0,0,0,1,3,0,3,1,0,0)","(Work.Gathering,Work.Cooling,Work.Crafting,Work.Generator,Work.Medicine)","(Trait.Sturdy,Trait.Alert)","(Skill.Sproutling.Signature,Skill.Sproutling.Utility,Skill.Sproutling.Ultimate)","(Element.Neutral,Element.Neutral,Element.Neutral)","(3.5,5.0,22.5)","(1.02,1.34,2.06)","(0.25,0.55,1.05)",Partner.Sproutling,,"(Item.Meat,Item.Fiber,Item.NeutralOrgan)","(2,5,2)",,
MasterEcho_134_Thornhare,134,Echo.Thornhare,Thornhare,FloraFungiSpirits DocileHerd,Original florafungispirits anatomy built around thornhare ecological silhouette; not a palette variant.,Herbivore,DocileHerd,Docile,Biome.DawnMeadows,Activity.Crepscular,Neutral,(Neutral),BaseUtility,2123.1,47.4,37.7,200.2,284.0,411.8,1.22,"(0,1,0,0,0,1,0,4,0,1,0,4)","(Work.Gathering,Work.Cooling,Work.Transport,Work.Medicine,Work.Handiwork)","(Trait.Sturdy,Trait.Alert)","(Skill.Thornhare.Signature,Skill.Thornhare.Utility,Skill.Thornhare.Ultimate)","(Element.Neutral,Element.Neutral,Element.Neutral)","(4.0,5.8,24.0)","(1.02,1.34,2.06)","(0.3,0.65,1.2)",Partner.Thornhare,,"(Item.Meat,Item.Fiber,Item.NeutralOrgan)","(3,6,1)",,
MasterEcho_135_Mossmender,135,Echo.Mossmender,Mossmender,FloraFungiSpirits DocileHerd,Original florafungispirits anatomy built around mossmender ecological silhouette; not a palette variant.,Herbivore,DocileHerd,Docile,Biome.DawnMeadows,Activity.Diurnal,Neutral,"(Neutral,Volt)",BaseUtility,2144.4,47.5,37.9,200.8,180.0,261.0,1.22,"(0,1,1,0,0,1,0,0,1,1,0,0)","(Work.Gathering,Work.Farming,Work.Cooling,Work.Generator,Work.Medicine)","(Trait.Sturdy,Trait.Alert)","(Skill.Mossmender.Signature,Skill.Mossmender.Utility,Skill.Mossmender.Ultimate)","(Element.Neutral,Element.Volt,Element.Neutral)","(2.0,6.6,12.0)","(1.02,1.34,2.06)","(0.35,0.45,1.35)",Partner.Mossmender,,"(Item.Meat,Item.Fiber,Item.NeutralOrgan)","(1,2,2)",,
MasterEcho_136_Funglow,136,Echo.Funglow,Funglow,FloraFungiSpirits DocileHerd,Original florafungispirits anatomy built around funglow ecological silhouette; not a palette variant.,Herbivore,DocileHerd,Docile,Biome.DawnMeadows,Activity.Nocturnal,Neutral,(Neutral),BaseUtility,2165.8,47.7,38.0,201.4,193.0,279.8,1.22,"(0,1,0,0,0,2,0,0,0,2,0,0)","(Work.Gathering,Work.Cooling,Work.Medicine)","(Trait.Sturdy,Trait.Alert)","(Skill.Funglow.Signature,Skill.Funglow.Utility,Skill.Funglow.Ultimate)","(Element.Neutral,Element.Neutral,Element.Neutral)","(2.5,7.4,13.5)","(1.02,1.35,2.07)","(0.2,0.55,0.9)",Partner.Funglow,,"(Item.Meat,Item.Fiber,Item.NeutralOrgan)","(2,3,1)",,
MasterEcho_137_Vinewarden,137,Echo.Vinewarden,Vinewarden,FloraFungiSpirits DocileHerd,Original florafungispirits anatomy built around vinewarden ecological silhouette; not a palette variant.,Herbivore,DocileHerd,Docile,Biome.DawnMeadows,Activity.Diurnal,Neutral,(Neutral),BaseUtility,2187.4,47.9,38.1,202.0,206.0,298.7,1.22,"(0,1,0,0,0,1,0,0,3,1,3,0)","(Work.Gathering,Work.Cooling,Work.Generator,Work.Medicine,Work.Watering)","(Trait.Sturdy,Trait.Alert)","(Skill.Vinewarden.Signature,Skill.Vinewarden.Utility,Skill.Vinewarden.Ultimate)","(Element.Neutral,Element.Neutral,Element.Neutral)","(3.0,8.2,15.0)","(1.02,1.35,2.07)","(0.25,0.65,1.05)",Partner.Vinewarden,,"(Item.Meat,Item.Fiber,Item.NeutralOrgan)","(3,4,2)",,
MasterEcho_138_Petalimp,138,Echo.Petalimp,Petalimp,FloraFungiSpirits DocileHerd,Original florafungispirits anatomy built around petalimp ecological silhouette; not a palette variant.,Herbivore,DocileHerd,Docile,Biome.DawnMeadows,Activity.Crepscular,Neutral,(Neutral),BaseUtility,2209.1,48.0,38.3,202.6,219.0,317.6,1.23,"(0,1,0,0,0,1,0,0,0,1,0,4)","(Work.Gathering,Work.Cooling,Work.Medicine,Work.Handiwork)","(Trait.Sturdy,Trait.Alert)","(Skill.Petalimp.Signature,Skill.Petalimp.Utility,Skill.Petalimp.Ultimate)","(Element.Neutral,Element.Neutral,Element.Neutral)","(3.5,9.0,16.5)","(1.03,1.35,2.08)","(0.3,0.45,1.2)",Partner.Petalimp,,"(Item.Meat,Item.Fiber,Item.NeutralOrgan)","(1,5,1)",,
MasterEcho_139_Barksprite,139,Echo.Barksprite,Barksprite,FloraFungiSpirits DocileHerd,Original florafungispirits anatomy built around barksprite ecological silhouette; not a palette variant.,Herbivore,DocileHerd,Docile,Biome.DawnMeadows,Activity.Diurnal,Neutral,(Neutral),BaseUtility,2230.9,48.2,38.4,203.2,232.0,336.4,1.23,"(1,1,1,0,0,1,0,0,0,1,0,0)","(Work.Mining,Work.Gathering,Work.Farming,Work.Cooling,Work.Medicine)","(Trait.Sturdy,Trait.Alert)","(Skill.Barksprite.Signature,Skill.Barksprite.Utility,Skill.Barksprite.Ultimate)","(Element.Neutral,Element.Neutral,Element.Neutral)","(4.0,9.8,18.0)","(1.03,1.35,2.08)","(0.35,0.55,1.35)",Partner.Barksprite,,"(Item.Meat,Item.Fiber,Item.NeutralOrgan)","(2,6,2)",,
MasterEcho_140_Dawnshroom,140,Echo.Dawnshroom,Dawnshroom,FloraFungiSpirits DocileHerd,Original florafungispirits anatomy built around dawnshroom ecological silhouette; not a palette variant.,Herbivore,DocileHerd,Docile,Biome.DawnMeadows,Activity.Nocturnal,Neutral,"(Neutral,Solar)",BaseUtility,2252.8,48.4,38.6,203.8,245.0,355.2,1.23,"(0,2,0,0,0,2,0,0,0,1,0,0)","(Work.Gathering,Work.Cooling,Work.Medicine)","(Trait.Sturdy,Trait.Alert)","(Skill.Dawnshroom.Signature,Skill.Dawnshroom.Utility,Skill.Dawnshroom.Ultimate)","(Element.Neutral,Element.Solar,Element.Neutral)","(2.0,5.0,19.5)","(1.03,1.36,2.08)","(0.2,0.65,0.9)",Partner.Dawnshroom,,"(Item.Meat,Item.Fiber,Item.NeutralOrgan)","(3,2,1)",,
MasterEcho_141_GeoTitan,141,Echo.GeoTitan,GeoTitan,AncientGolemsRelics SolitaryGuardian,Original ancientgolemsrelics anatomy built around geotitan ecological silhouette; not a palette variant.,Herbivore,SolitaryGuardian,Docile,Biome.ScorchedObsidianCaldera,Activity.Diurnal,Geo,(Geo),BaseUtility,2274.8,48.5,38.7,204.4,258.0,374.1,1.23,"(0,0,1,4,0,0,1,0,0,4,1,0)","(Work.Farming,Work.Kindling,Work.Crafting,Work.Medicine,Work.Watering)","(Trait.Sturdy,Trait.Alert)","(Skill.GeoTitan.Signature,Skill.GeoTitan.Utility,Skill.GeoTitan.Ultimate)","(Element.Geo,Element.Geo,Element.Geo)","(2.5,5.8,21.0)","(1.03,1.36,2.09)","(0.25,0.45,1.05)",Partner.GeoTitan,,"(Item.Meat,Item.Fiber,Item.GeoOrgan)","(1,3,2)",,
MasterEcho_142_Electromon,142,Echo.Electromon,Electromon,AncientGolemsRelics SolitaryGuardian,Original ancientgolemsrelics anatomy built around electromon ecological silhouette; not a palette variant.,Herbivore,SolitaryGuardian,Docile,Biome.ScorchedObsidianCaldera,Activity.Crepscular,Geo,(Geo),BaseUtility,2296.9,48.7,38.8,205.0,271.0,392.9,1.23,"(1,0,1,0,1,0,1,0,0,0,1,0)","(Work.Mining,Work.Farming,Work.Building,Work.Crafting,Work.Watering)","(Trait.Sturdy,Trait.Alert)","(Skill.Electromon.Signature,Skill.Electromon.Utility,Skill.Electromon.Ultimate)","(Element.Geo,Element.Geo,Element.Geo)","(3.0,6.6,22.5)","(1.03,1.36,2.09)","(0.3,0.55,1.2)",Partner.Electromon,,"(Item.Meat,Item.Fiber,Item.GeoOrgan)","(2,4,1)",,
MasterEcho_143_Voidcaller,143,Echo.Voidcaller,Voidcaller,AncientGolemsRelics SolitaryGuardian,Original ancientgolemsrelics anatomy built around voidcaller ecological silhouette; not a palette variant.,Herbivore,SolitaryGuardian,Docile,Biome.ScorchedObsidianCaldera,Activity.Diurnal,Geo,(Geo),BaseUtility,2319.2,48.8,39.0,205.6,284.0,411.8,1.24,"(0,0,1,2,0,2,1,0,0,0,1,0)","(Work.Farming,Work.Kindling,Work.Cooling,Work.Crafting,Work.Watering)","(Trait.Sturdy,Trait.Alert)","(Skill.Voidcaller.Signature,Skill.Voidcaller.Utility,Skill.Voidcaller.Ultimate)","(Element.Geo,Element.Geo,Element.Geo)","(3.5,7.4,24.0)","(1.04,1.36,2.09)","(0.35,0.65,1.35)",Partner.Voidcaller,,"(Item.Meat,Item.Fiber,Item.GeoOrgan)","(3,5,2)",,
MasterEcho_144_ClockworkHound,144,Echo.ClockworkHound,ClockworkHound,AncientGolemsRelics SolitaryGuardian,Original ancientgolemsrelics anatomy built around clockworkhound ecological silhouette; not a palette variant.,Herbivore,SolitaryGuardian,Docile,Biome.ScorchedObsidianCaldera,Activity.Nocturnal,Geo,(Geo),BaseUtility,2341.5,49.0,39.1,206.2,180.0,261.0,1.24,"(0,0,1,0,0,0,3,0,0,0,1,0)","(Work.Farming,Work.Crafting,Work.Watering)","(Trait.Sturdy,Trait.Alert)","(Skill.ClockworkHound.Signature,Skill.ClockworkHound.Utility,Skill.ClockworkHound.Ultimate)","(Element.Geo,Element.Geo,Element.Geo)","(4.0,8.2,12.0)","(1.04,1.36,2.1)","(0.2,0.45,0.9)",Partner.ClockworkHound,,"(Item.Meat,Item.Fiber,Item.GeoOrgan)","(1,6,1)",,
MasterEcho_145_AstraSentinel,145,Echo.AstraSentinel,AstraSentinel,AncientGolemsRelics SolitaryGuardian,Original ancientgolemsrelics anatomy built around astrasentinel ecological silhouette; not a palette variant.,Herbivore,SolitaryGuardian,Docile,Biome.ScorchedObsidianCaldera,Activity.Diurnal,Geo,"(Geo,Astra)",BaseUtility,2364.0,49.2,39.3,206.8,193.0,279.8,1.24,"(0,0,1,0,0,0,1,4,0,4,1,0)","(Work.Farming,Work.Crafting,Work.Transport,Work.Medicine,Work.Watering)","(Trait.Sturdy,Trait.Alert)","(Skill.AstraSentinel.Signature,Skill.AstraSentinel.Utility,Skill.AstraSentinel.Ultimate)","(Element.Geo,Element.Astra,Element.Geo)","(2.0,9.0,13.5)","(1.04,1.37,2.1)","(0.25,0.55,1.05)",Partner.AstraSentinel,,"(Item.Meat,Item.Fiber,Item.GeoOrgan)","(2,2,2)",,
MasterEcho_146_ForgeGolem,146,Echo.ForgeGolem,ForgeGolem,AncientGolemsRelics SolitaryGuardian,Original ancientgolemsrelics anatomy built around forgegolem ecological silhouette; not a palette variant.,Herbivore,SolitaryGuardian,Docile,Biome.ScorchedObsidianCaldera,Activity.Crepscular,Geo,(Geo),BaseUtility,2386.6,49.3,39.4,207.4,206.0,298.7,1.24,"(1,0,1,0,0,0,1,0,1,0,1,0)","(Work.Mining,Work.Farming,Work.Crafting,Work.Generator,Work.Watering)","(Trait.Sturdy,Trait.Alert)","(Skill.ForgeGolem.Signature,Skill.ForgeGolem.Utility,Skill.ForgeGolem.Ultimate)","(Element.Geo,Element.Geo,Element.Geo)","(2.5,9.8,15.0)","(1.04,1.37,2.1)","(0.3,0.65,1.2)",Partner.ForgeGolem,,"(Item.Meat,Item.Fiber,Item.GeoOrgan)","(3,3,1)",,
MasterEcho_147_FrostAutomaton,147,Echo.FrostAutomaton,FrostAutomaton,AncientGolemsRelics SolitaryGuardian,Original ancientgolemsrelics anatomy built around frostautomaton ecological silhouette; not a palette variant.,Herbivore,SolitaryGuardian,Docile,Biome.ScorchedObsidianCaldera,Activity.Diurnal,Geo,(Geo),BaseUtility,2409.4,49.5,39.5,208.0,219.0,317.6,1.24,"(0,0,1,2,0,0,1,0,0,2,1,0)","(Work.Farming,Work.Kindling,Work.Crafting,Work.Medicine,Work.Watering)","(Trait.Sturdy,Trait.Alert)","(Skill.FrostAutomaton.Signature,Skill.FrostAutomaton.Utility,Skill.FrostAutomaton.Ultimate)","(Element.Geo,Element.Geo,Element.Geo)","(3.0,5.0,16.5)","(1.04,1.37,2.11)","(0.35,0.45,1.35)",Partner.FrostAutomaton,,"(Item.Meat,Item.Fiber,Item.GeoOrgan)","(1,4,2)",,
MasterEcho_148_RuinCrusher,148,Echo.RuinCrusher,RuinCrusher,AncientGolemsRelics SolitaryGuardian,Original ancientgolemsrelics anatomy built around ruincrusher ecological silhouette; not a palette variant.,Herbivore,SolitaryGuardian,Docile,Biome.ScorchedObsidianCaldera,Activity.Nocturnal,Geo,(Geo),BaseUtility,2432.2,49.6,39.7,208.6,232.0,336.4,1.25,"(0,0,1,0,0,0,3,0,0,0,3,0)","(Work.Farming,Work.Crafting,Work.Watering)","(Trait.Sturdy,Trait.Alert)","(Skill.RuinCrusher.Signature,Skill.RuinCrusher.Utility,Skill.RuinCrusher.Ultimate)","(Element.Geo,Element.Geo,Element.Geo)","(3.5,5.8,18.0)","(1.05,1.37,2.11)","(0.2,0.55,0.9)",Partner.RuinCrusher,,"(Item.Meat,Item.Fiber,Item.GeoOrgan)","(2,5,1)",,
MasterEcho_149_TeslaWard,149,Echo.TeslaWard,TeslaWard,AncientGolemsRelics SolitaryGuardian,Original ancientgolemsrelics anatomy built around teslaward ecological silhouette; not a palette variant.,Herbivore,SolitaryGuardian,Docile,Biome.ScorchedObsidianCaldera,Activity.Diurnal,Geo,(Geo),BaseUtility,2455.1,49.8,39.8,209.2,245.0,355.2,1.25,"(0,0,1,0,0,0,1,0,0,4,1,4)","(Work.Farming,Work.Crafting,Work.Medicine,Work.Watering,Work.Handiwork)","(Trait.Sturdy,Trait.Alert)","(Skill.TeslaWard.Signature,Skill.TeslaWard.Utility,Skill.TeslaWard.Ultimate)","(Element.Geo,Element.Geo,Element.Geo)","(4.0,6.6,19.5)","(1.05,1.38,2.12)","(0.25,0.65,1.05)",Partner.TeslaWard,,"(Item.Meat,Item.Fiber,Item.GeoOrgan)","(3,6,2)",,
MasterEcho_150_ChronoScout,150,Echo.ChronoScout,ChronoScout,AncientGolemsRelics SolitaryGuardian,Original ancientgolemsrelics anatomy built around chronoscout ecological silhouette; not a palette variant.,Herbivore,SolitaryGuardian,Docile,Biome.ScorchedObsidianCaldera,Activity.Crepscular,Geo,"(Geo,Volt)",BaseUtility,2478.2,50.0,40.0,209.8,258.0,374.1,1.25,"(1,0,1,0,0,0,1,0,0,0,1,0)","(Work.Mining,Work.Farming,Work.Crafting,Work.Watering)","(Trait.Sturdy,Trait.Alert)","(Skill.ChronoScout.Signature,Skill.ChronoScout.Utility,Skill.ChronoScout.Ultimate)","(Element.Geo,Element.Volt,Element.Geo)","(2.0,7.4,21.0)","(1.05,1.38,2.12)","(0.3,0.45,1.2)",Partner.ChronoScout,,"(Item.Meat,Item.Fiber,Item.GeoOrgan)","(1,2,1)",,
MasterEcho_151_ObsidianOracle,151,Echo.ObsidianOracle,ObsidianOracle,AncientGolemsRelics SolitaryGuardian,Original ancientgolemsrelics anatomy built around obsidianoracle ecological silhouette; not a palette variant.,Herbivore,SolitaryGuardian,Docile,Biome.ScorchedObsidianCaldera,Activity.Diurnal,Geo,(Geo),BaseUtility,2501.4,50.1,40.1,210.5,271.0,392.9,1.25,"(0,2,1,2,0,0,1,0,0,0,1,0)","(Work.Gathering,Work.Farming,Work.Kindling,Work.Crafting,Work.Watering)","(Trait.Sturdy,Trait.Alert)","(Skill.ObsidianOracle.Signature,Skill.ObsidianOracle.Utility,Skill.ObsidianOracle.Ultimate)","(Element.Geo,Element.Geo,Element.Geo)","(2.5,8.2,22.5)","(1.05,1.38,2.12)","(0.35,0.55,1.35)",Partner.ObsidianOracle,,"(Item.Meat,Item.Fiber,Item.GeoOrgan)","(2,3,2)",,
MasterEcho_152_Magnetarch,152,Echo.Magnetarch,Magnetarch,AncientGolemsRelics SolitaryGuardian,Original ancientgolemsrelics anatomy built around magnetarch ecological silhouette; not a palette variant.,Herbivore,SolitaryGuardian,Docile,Biome.ScorchedObsidianCaldera,Activity.Nocturnal,Geo,(Geo),BaseUtility,2524.7,50.3,40.2,211.1,284.0,411.8,1.25,"(0,0,3,0,0,0,3,0,0,0,1,0)","(Work.Farming,Work.Crafting,Work.Watering)","(Trait.Sturdy,Trait.Alert)","(Skill.Magnetarch.Signature,Skill.Magnetarch.Utility,Skill.Magnetarch.Ultimate)","(Element.Geo,Element.Geo,Element.Geo)","(3.0,9.0,24.0)","(1.05,1.38,2.13)","(0.2,0.65,0.9)",Partner.Magnetarch,,"(Item.Meat,Item.Fiber,Item.GeoOrgan)","(3,4,1)",,
MasterEcho_153_Sunforged,153,Echo.Sunforged,Sunforged,AncientGolemsRelics SolitaryGuardian,Original ancientgolemsrelics anatomy built around sunforged ecological silhouette; not a palette variant.,Herbivore,SolitaryGuardian,Docile,Biome.ScorchedObsidianCaldera,Activity.Diurnal,Geo,(Geo),BaseUtility,2548.1,50.4,40.4,211.7,180.0,261.0,1.26,"(0,0,1,4,0,0,1,0,0,4,1,0)","(Work.Farming,Work.Kindling,Work.Crafting,Work.Medicine,Work.Watering)","(Trait.Sturdy,Trait.Alert)","(Skill.Sunforged.Signature,Skill.Sunforged.Utility,Skill.Sunforged.Ultimate)","(Element.Geo,Element.Geo,Element.Geo)","(3.5,9.8,12.0)","(1.06,1.39,2.13)","(0.25,0.45,1.05)",Partner.Sunforged,,"(Item.Meat,Item.Fiber,Item.GeoOrgan)","(1,5,2)",,
MasterEcho_154_Cryovault,154,Echo.Cryovault,Cryovault,AncientGolemsRelics SolitaryGuardian,Original ancientgolemsrelics anatomy built around cryovault ecological silhouette; not a palette variant.,Herbivore,SolitaryGuardian,Docile,Biome.ScorchedObsidianCaldera,Activity.Crepscular,Geo,(Geo),BaseUtility,2571.7,50.6,40.5,212.3,193.0,279.8,1.26,"(1,0,1,0,1,0,1,0,0,0,1,0)","(Work.Mining,Work.Farming,Work.Building,Work.Crafting,Work.Watering)","(Trait.Sturdy,Trait.Alert)","(Skill.Cryovault.Signature,Skill.Cryovault.Utility,Skill.Cryovault.Ultimate)","(Element.Geo,Element.Geo,Element.Geo)","(4.0,5.0,13.5)","(1.06,1.39,2.13)","(0.3,0.55,1.2)",Partner.Cryovault,,"(Item.Meat,Item.Fiber,Item.GeoOrgan)","(2,6,1)",,
MasterEcho_155_RiftEngine,155,Echo.RiftEngine,RiftEngine,AncientGolemsRelics SolitaryGuardian,Original ancientgolemsrelics anatomy built around riftengine ecological silhouette; not a palette variant.,Herbivore,SolitaryGuardian,Docile,Biome.ScorchedObsidianCaldera,Activity.Diurnal,Geo,"(Geo,Solar)",BaseUtility,2595.3,50.8,40.7,212.9,206.0,298.7,1.26,"(0,0,1,2,0,2,1,0,0,0,1,0)","(Work.Farming,Work.Kindling,Work.Cooling,Work.Crafting,Work.Watering)","(Trait.Sturdy,Trait.Alert)","(Skill.RiftEngine.Signature,Skill.RiftEngine.Utility,Skill.RiftEngine.Ultimate)","(Element.Geo,Element.Solar,Element.Geo)","(2.0,5.8,15.0)","(1.06,1.39,2.14)","(0.35,0.65,1.35)",Partner.RiftEngine,,"(Item.Meat,Item.Fiber,Item.GeoOrgan)","(3,2,2)",,
MasterEcho_156_StoneArchivist,156,Echo.StoneArchivist,StoneArchivist,AncientGolemsRelics SolitaryGuardian,Original ancientgolemsrelics anatomy built around stonearchivist ecological silhouette; not a palette variant.,Herbivore,SolitaryGuardian,Docile,Biome.ScorchedObsidianCaldera,Activity.Nocturnal,Geo,(Geo),BaseUtility,2619.1,50.9,40.8,213.5,219.0,317.6,1.26,"(0,0,1,0,0,0,3,0,0,0,1,0)","(Work.Farming,Work.Crafting,Work.Watering)","(Trait.Sturdy,Trait.Alert)","(Skill.StoneArchivist.Signature,Skill.StoneArchivist.Utility,Skill.StoneArchivist.Ultimate)","(Element.Geo,Element.Geo,Element.Geo)","(2.5,6.6,16.5)","(1.06,1.39,2.14)","(0.2,0.45,0.9)",Partner.StoneArchivist,,"(Item.Meat,Item.Fiber,Item.GeoOrgan)","(1,3,1)",,
MasterEcho_157_DawnGearling,157,Echo.DawnGearling,DawnGearling,AncientGolemsRelics SolitaryGuardian,Original ancientgolemsrelics anatomy built around dawngearling ecological silhouette; not a palette variant.,Herbivore,SolitaryGuardian,Docile,Biome.ScorchedObsidianCaldera,Activity.Diurnal,Geo,(Geo),BaseUtility,2643.0,51.1,40.9,214.1,232.0,336.4,1.26,"(0,0,1,0,0,0,1,4,0,4,1,0)","(Work.Farming,Work.Crafting,Work.Transport,Work.Medicine,Work.Watering)","(Trait.Sturdy,Trait.Alert)","(Skill.DawnGearling.Signature,Skill.DawnGearling.Utility,Skill.DawnGearling.Ultimate)","(Element.Geo,Element.Geo,Element.Geo)","(3.0,7.4,18.0)","(1.06,1.4,2.14)","(0.25,0.55,1.05)",Partner.DawnGearling,,"(Item.Meat,Item.Fiber,Item.GeoOrgan)","(2,4,2)",,
MasterEcho_158_VoltMonolith,158,Echo.VoltMonolith,VoltMonolith,AncientGolemsRelics SolitaryGuardian,Original ancientgolemsrelics anatomy built around voltmonolith ecological silhouette; not a palette variant.,Herbivore,SolitaryGuardian,Docile,Biome.ScorchedObsidianCaldera,Activity.Crepscular,Geo,(Geo),BaseUtility,2667.0,51.2,41.1,214.7,245.0,355.2,1.27,"(1,0,1,0,0,0,1,0,1,0,1,0)","(Work.Mining,Work.Farming,Work.Crafting,Work.Generator,Work.Watering)","(Trait.Sturdy,Trait.Alert)","(Skill.VoltMonolith.Signature,Skill.VoltMonolith.Utility,Skill.VoltMonolith.Ultimate)","(Element.Geo,Element.Geo,Element.Geo)","(3.5,8.2,19.5)","(1.07,1.4,2.15)","(0.3,0.65,1.2)",Partner.VoltMonolith,,"(Item.Meat,Item.Fiber,Item.GeoOrgan)","(3,5,1)",,
MasterEcho_159_AetherClock,159,Echo.AetherClock,AetherClock,AncientGolemsRelics SolitaryGuardian,Original ancientgolemsrelics anatomy built around aetherclock ecological silhouette; not a palette variant.,Herbivore,SolitaryGuardian,Docile,Biome.ScorchedObsidianCaldera,Activity.Diurnal,Geo,(Geo),BaseUtility,2691.1,51.4,41.2,215.3,258.0,374.1,1.27,"(0,0,1,2,0,0,1,0,0,2,1,0)","(Work.Farming,Work.Kindling,Work.Crafting,Work.Medicine,Work.Watering)","(Trait.Sturdy,Trait.Alert)","(Skill.AetherClock.Signature,Skill.AetherClock.Utility,Skill.AetherClock.Ultimate)","(Element.Geo,Element.Geo,Element.Geo)","(4.0,9.0,21.0)","(1.07,1.4,2.15)","(0.35,0.45,1.35)",Partner.AetherClock,,"(Item.Meat,Item.Fiber,Item.GeoOrgan)","(1,6,2)",,
MasterEcho_160_LumenColossus,160,Echo.LumenColossus,LumenColossus,AncientGolemsRelics SolitaryGuardian,Original ancientgolemsrelics anatomy built around lumencolossus ecological silhouette; not a palette variant.,Herbivore,SolitaryGuardian,Docile,Biome.ScorchedObsidianCaldera,Activity.Nocturnal,Geo,"(Geo,Abyssal)",BaseUtility,2715.3,51.6,41.4,215.9,271.0,392.9,1.27,"(0,0,1,0,0,0,3,0,0,0,3,0)","(Work.Farming,Work.Crafting,Work.Watering)","(Trait.Sturdy,Trait.Alert)","(Skill.LumenColossus.Signature,Skill.LumenColossus.Utility,Skill.LumenColossus.Ultimate)","(Element.Geo,Element.Abyssal,Element.Geo)","(2.0,9.8,22.5)","(1.07,1.4,2.16)","(0.2,0.55,0.9)",Partner.LumenColossus,,"(Item.Meat,Item.Fiber,Item.GeoOrgan)","(2,2,1)",,
MasterEcho_161_Basilisk,161,Echo.Basilisk,Basilisk,ReptilesDrakesHydras SolitaryApex,Original reptilesdrakeshydras anatomy built around basilisk ecological silhouette; not a palette variant.,Carnivore,SolitaryApex,Territorial,Biome.ScorchedObsidianCaldera,Activity.Diurnal,Solar,(Solar),Combat,2739.6,51.7,41.5,216.5,284.0,411.8,1.27,"(1,0,0,0,0,0,0,0,0,0,1,0)","(Work.Mining,Work.Watering)","(Trait.Sturdy,Trait.Mythic)","(Skill.Basilisk.Signature,Skill.Basilisk.Utility,Skill.Basilisk.Ultimate)","(Element.Solar,Element.Solar,Element.Solar)","(2.5,5.0,24.0)","(1.07,1.41,2.16)","(0.25,0.65,1.05)",Partner.Basilisk,MountWeapon.Basilisk,"(Item.Meat,Item.Fiber,Item.SolarOrgan)","(3,3,2)",,
MasterEcho_162_MagmaDrake,162,Echo.MagmaDrake,MagmaDrake,ReptilesDrakesHydras SolitaryApex,Original reptilesdrakeshydras anatomy built around magmadrake ecological silhouette; not a palette variant.,Omnivore,SolitaryApex,Territorial,Biome.ScorchedObsidianCaldera,Activity.Crepscular,Solar,(Solar),Combat,2764.1,51.9,41.7,217.1,180.0,261.0,1.27,"(0,2,0,0,0,0,0,0,0,0,0,0)",(Work.Gathering),"(Trait.Sturdy,Trait.Mythic)","(Skill.MagmaDrake.Signature,Skill.MagmaDrake.Utility,Skill.MagmaDrake.Ultimate)","(Element.Solar,Element.Solar,Element.Solar)","(3.0,5.8,12.0)","(1.07,1.41,2.16)","(0.3,0.45,1.2)",Partner.MagmaDrake,MountWeapon.MagmaDrake,"(Item.Meat,Item.Fiber,Item.SolarOrgan)","(1,4,1)",,
MasterEcho_163_Hydra,163,Echo.Hydra,Hydra,ReptilesDrakesHydras SolitaryApex,Original reptilesdrakeshydras anatomy built around hydra ecological silhouette; not a palette variant.,Carnivore,SolitaryApex,Territorial,Biome.ScorchedObsidianCaldera,Activity.Diurnal,Solar,(Solar),Combat,2788.7,52.1,41.8,217.7,193.0,279.8,1.28,"(0,0,3,0,3,0,0,0,0,0,0,0)","(Work.Farming,Work.Building)","(Trait.Sturdy,Trait.Mythic)","(Skill.Hydra.Signature,Skill.Hydra.Utility,Skill.Hydra.Ultimate)","(Element.Solar,Element.Solar,Element.Solar)","(3.5,6.6,13.5)","(1.08,1.41,2.17)","(0.35,0.55,1.35)",Partner.Hydra,MountWeapon.Hydra,"(Item.Meat,Item.Fiber,Item.SolarOrgan)","(2,5,2)",,
MasterEcho_164_ThunderScale,164,Echo.ThunderScale,ThunderScale,ReptilesDrakesHydras SolitaryApex,Original reptilesdrakeshydras anatomy built around thunderscale ecological silhouette; not a palette variant.,Carnivore,SolitaryApex,Territorial,Biome.ScorchedObsidianCaldera,Activity.Nocturnal,Solar,(Solar),Combat,2813.4,52.2,41.9,218.3,206.0,298.7,1.28,"(0,0,0,4,0,0,0,4,0,0,0,0)","(Work.Kindling,Work.Transport)","(Trait.Sturdy,Trait.Mythic)","(Skill.ThunderScale.Signature,Skill.ThunderScale.Utility,Skill.ThunderScale.Ultimate)","(Element.Solar,Element.Solar,Element.Solar)","(4.0,7.4,15.0)","(1.08,1.41,2.17)","(0.2,0.65,0.9)",Partner.ThunderScale,MountWeapon.ThunderScale,"(Item.Meat,Item.Fiber,Item.SolarOrgan)","(3,6,1)",,
MasterEcho_165_GlacialSerpent,165,Echo.GlacialSerpent,GlacialSerpent,ReptilesDrakesHydras SolitaryApex,Original reptilesdrakeshydras anatomy built around glacialserpent ecological silhouette; not a palette variant.,Omnivore,SolitaryApex,Territorial,Biome.ScorchedObsidianCaldera,Activity.Diurnal,Solar,"(Solar,Volt)",Combat,2838.2,52.4,42.1,218.9,219.0,317.6,1.28,"(0,0,0,0,1,0,0,0,0,0,1,0)","(Work.Building,Work.Watering)","(Trait.Sturdy,Trait.Mythic)","(Skill.GlacialSerpent.Signature,Skill.GlacialSerpent.Utility,Skill.GlacialSerpent.Ultimate)","(Element.Solar,Element.Volt,Element.Solar)","(2.0,8.2,16.5)","(1.08,1.42,2.17)","(0.25,0.45,1.05)",Partner.GlacialSerpent,MountWeapon.GlacialSerpent,"(Item.Meat,Item.Fiber,Item.SolarOrgan)","(1,2,2)",,
MasterEcho_166_SandWyrm,166,Echo.SandWyrm,SandWyrm,ReptilesDrakesHydras SolitaryApex,Original reptilesdrakeshydras anatomy built around sandwyrm ecological silhouette; not a palette variant.,Carnivore,SolitaryApex,Territorial,Biome.ScorchedObsidianCaldera,Activity.Crepscular,Solar,(Solar),Combat,2863.1,52.5,42.2,219.5,232.0,336.4,1.28,"(0,2,0,0,0,2,0,0,0,0,0,0)","(Work.Gathering,Work.Cooling)","(Trait.Sturdy,Trait.Mythic)","(Skill.SandWyrm.Signature,Skill.SandWyrm.Utility,Skill.SandWyrm.Ultimate)","(Element.Solar,Element.Solar,Element.Solar)","(2.5,9.0,18.0)","(1.08,1.42,2.18)","(0.3,0.55,1.2)",Partner.SandWyrm,MountWeapon.SandWyrm,"(Item.Meat,Item.Fiber,Item.SolarOrgan)","(2,3,1)",,
MasterEcho_167_VenomGila,167,Echo.VenomGila,VenomGila,ReptilesDrakesHydras SolitaryApex,Original reptilesdrakeshydras anatomy built around venomgila ecological silhouette; not a palette variant.,Carnivore,SolitaryApex,Territorial,Biome.ScorchedObsidianCaldera,Activity.Diurnal,Solar,(Solar),Combat,2888.2,52.7,42.4,220.1,245.0,355.2,1.28,"(0,0,0,0,3,0,3,0,0,0,0,0)","(Work.Building,Work.Crafting)","(Trait.Sturdy,Trait.Mythic)","(Skill.VenomGila.Signature,Skill.VenomGila.Utility,Skill.VenomGila.Ultimate)","(Element.Solar,Element.Solar,Element.Solar)","(3.0,9.8,19.5)","(1.08,1.42,2.18)","(0.35,0.65,1.35)",Partner.VenomGila,MountWeapon.VenomGila,"(Item.Meat,Item.Fiber,Item.SolarOrgan)","(3,4,2)",,
MasterEcho_168_SolarChameleon,168,Echo.SolarChameleon,SolarChameleon,ReptilesDrakesHydras SolitaryApex,Original reptilesdrakeshydras anatomy built around solarchameleon ecological silhouette; not a palette variant.,Omnivore,SolitaryApex,Territorial,Biome.ScorchedObsidianCaldera,Activity.Nocturnal,Solar,(Solar),Combat,2913.3,52.9,42.5,220.7,258.0,374.1,1.29,"(0,0,0,0,0,0,0,4,0,0,0,0)",(Work.Transport),"(Trait.Sturdy,Trait.Mythic)","(Skill.SolarChameleon.Signature,Skill.SolarChameleon.Utility,Skill.SolarChameleon.Ultimate)","(Element.Solar,Element.Solar,Element.Solar)","(3.5,5.0,21.0)","(1.09,1.42,2.18)","(0.2,0.45,0.9)",Partner.SolarChameleon,MountWeapon.SolarChameleon,"(Item.Meat,Item.Fiber,Item.SolarOrgan)","(1,5,1)",,
MasterEcho_169_AbyssalHydra,169,Echo.AbyssalHydra,AbyssalHydra,ReptilesDrakesHydras SolitaryApex,Original reptilesdrakeshydras anatomy built around abyssalhydra ecological silhouette; not a palette variant.,Carnivore,SolitaryApex,Territorial,Biome.ScorchedObsidianCaldera,Activity.Diurnal,Solar,(Solar),Combat,2938.6,53.0,42.6,221.3,271.0,392.9,1.29,"(0,0,0,0,0,0,0,0,1,0,1,0)","(Work.Generator,Work.Watering)","(Trait.Sturdy,Trait.Mythic)","(Skill.AbyssalHydra.Signature,Skill.AbyssalHydra.Utility,Skill.AbyssalHydra.Ultimate)","(Element.Solar,Element.Solar,Element.Solar)","(4.0,5.8,22.5)","(1.09,1.43,2.19)","(0.25,0.55,1.05)",Partner.AbyssalHydra,MountWeapon.AbyssalHydra,"(Item.Meat,Item.Fiber,Item.SolarOrgan)","(2,6,2)",,
MasterEcho_170_SpineDrake,170,Echo.SpineDrake,SpineDrake,ReptilesDrakesHydras SolitaryApex,Original reptilesdrakeshydras anatomy built around spinedrake ecological silhouette; not a palette variant.,Carnivore,SolitaryApex,Territorial,Biome.ScorchedObsidianCaldera,Activity.Crepscular,Solar,"(Solar,Neutral)",Combat,2964.0,53.2,42.8,221.9,284.0,411.8,1.29,"(0,2,0,0,0,0,0,0,0,2,0,0)","(Work.Gathering,Work.Medicine)","(Trait.Sturdy,Trait.Mythic)","(Skill.SpineDrake.Signature,Skill.SpineDrake.Utility,Skill.SpineDrake.Ultimate)","(Element.Solar,Element.Neutral,Element.Solar)","(2.0,6.6,24.0)","(1.09,1.43,2.19)","(0.3,0.65,1.2)",Partner.SpineDrake,MountWeapon.SpineDrake,"(Item.Meat,Item.Fiber,Item.SolarOrgan)","(3,2,1)",,
MasterEcho_171_ObsidianCobra,171,Echo.ObsidianCobra,ObsidianCobra,ReptilesDrakesHydras SolitaryApex,Original reptilesdrakeshydras anatomy built around obsidiancobra ecological silhouette; not a palette variant.,Omnivore,SolitaryApex,Territorial,Biome.ScorchedObsidianCaldera,Activity.Diurnal,Solar,(Solar),Combat,2989.5,53.3,42.9,222.5,180.0,261.0,1.29,"(0,0,0,0,3,0,0,0,0,0,3,0)","(Work.Building,Work.Watering)","(Trait.Sturdy,Trait.Mythic)","(Skill.ObsidianCobra.Signature,Skill.ObsidianCobra.Utility,Skill.ObsidianCobra.Ultimate)","(Element.Solar,Element.Solar,Element.Solar)","(2.5,7.4,12.0)","(1.09,1.43,2.2)","(0.35,0.45,1.35)",Partner.ObsidianCobra,MountWeapon.ObsidianCobra,"(Item.Meat,Item.Fiber,Item.SolarOrgan)","(1,3,2)",,
MasterEcho_172_FrostBasilisk,172,Echo.FrostBasilisk,FrostBasilisk,ReptilesDrakesHydras SolitaryApex,Original reptilesdrakeshydras anatomy built around frostbasilisk ecological silhouette; not a palette variant.,Carnivore,SolitaryApex,Territorial,Biome.ScorchedObsidianCaldera,Activity.Nocturnal,Solar,(Solar),Combat,3015.2,53.5,43.1,223.1,193.0,279.8,1.29,"(0,0,0,0,0,0,0,4,0,0,0,4)","(Work.Transport,Work.Handiwork)","(Trait.Sturdy,Trait.Mythic)","(Skill.FrostBasilisk.Signature,Skill.FrostBasilisk.Utility,Skill.FrostBasilisk.Ultimate)","(Element.Solar,Element.Solar,Element.Solar)","(3.0,8.2,13.5)","(1.09,1.43,2.2)","(0.2,0.55,0.9)",Partner.FrostBasilisk,MountWeapon.FrostBasilisk,"(Item.Meat,Item.Fiber,Item.SolarOrgan)","(2,4,1)",,
MasterEcho_173_VoltRaptor,173,Echo.VoltRaptor,VoltRaptor,ReptilesDrakesHydras SolitaryApex,Original reptilesdrakeshydras anatomy built around voltraptor ecological silhouette; not a palette variant.,Carnivore,SolitaryApex,Territorial,Biome.ScorchedObsidianCaldera,Activity.Diurnal,Solar,(Solar),Combat,3040.9,53.7,43.2,223.7,206.0,298.7,1.3,"(1,0,0,0,0,0,0,0,0,0,1,0)","(Work.Mining,Work.Watering)","(Trait.Sturdy,Trait.Mythic)","(Skill.VoltRaptor.Signature,Skill.VoltRaptor.Utility,Skill.VoltRaptor.Ultimate)","(Element.Solar,Element.Solar,Element.Solar)","(3.5,9.0,15.0)","(1.1,1.43,2.2)","(0.25,0.65,1.05)",Partner.VoltRaptor,MountWeapon.VoltRaptor,"(Item.Meat,Item.Fiber,Item.SolarOrgan)","(3,5,2)",,
MasterEcho_174_CanyonDrake,174,Echo.CanyonDrake,CanyonDrake,ReptilesDrakesHydras SolitaryApex,Original reptilesdrakeshydras anatomy built around canyondrake ecological silhouette; not a palette variant.,Omnivore,SolitaryApex,Territorial,Biome.ScorchedObsidianCaldera,Activity.Crepscular,Solar,(Solar),Combat,3066.8,53.8,43.3,224.3,219.0,317.6,1.3,"(0,2,0,0,0,0,0,0,0,0,0,0)",(Work.Gathering),"(Trait.Sturdy,Trait.Mythic)","(Skill.CanyonDrake.Signature,Skill.CanyonDrake.Utility,Skill.CanyonDrake.Ultimate)","(Element.Solar,Element.Solar,Element.Solar)","(4.0,9.8,16.5)","(1.1,1.44,2.21)","(0.3,0.45,1.2)",Partner.CanyonDrake,MountWeapon.CanyonDrake,"(Item.Meat,Item.Fiber,Item.SolarOrgan)","(1,6,1)",,
MasterEcho_175_MireHydra,175,Echo.MireHydra,MireHydra,ReptilesDrakesHydras SolitaryApex,Original reptilesdrakeshydras anatomy built around mirehydra ecological silhouette; not a palette variant.,Carnivore,SolitaryApex,Territorial,Biome.ScorchedObsidianCaldera,Activity.Diurnal,Solar,"(Solar,Abyssal)",Combat,3092.7,54.0,43.5,224.9,232.0,336.4,1.3,"(0,0,3,0,3,0,0,0,0,0,0,0)","(Work.Farming,Work.Building)","(Trait.Sturdy,Trait.Mythic)","(Skill.MireHydra.Signature,Skill.MireHydra.Utility,Skill.MireHydra.Ultimate)","(Element.Solar,Element.Abyssal,Element.Solar)","(2.0,5.0,18.0)","(1.1,1.44,2.21)","(0.35,0.55,1.35)",Partner.MireHydra,MountWeapon.MireHydra,"(Item.Meat,Item.Fiber,Item.SolarOrgan)","(2,2,2)",,
MasterEcho_176_AshBasilisk,176,Echo.AshBasilisk,AshBasilisk,ReptilesDrakesHydras SolitaryApex,Original reptilesdrakeshydras anatomy built around ashbasilisk ecological silhouette; not a palette variant.,Carnivore,SolitaryApex,Territorial,Biome.ScorchedObsidianCaldera,Activity.Nocturnal,Solar,(Solar),Combat,3118.8,54.1,43.6,225.5,245.0,355.2,1.3,"(0,0,0,4,0,0,0,4,0,0,0,0)","(Work.Kindling,Work.Transport)","(Trait.Sturdy,Trait.Mythic)","(Skill.AshBasilisk.Signature,Skill.AshBasilisk.Utility,Skill.AshBasilisk.Ultimate)","(Element.Solar,Element.Solar,Element.Solar)","(2.5,5.8,19.5)","(1.1,1.44,2.21)","(0.2,0.65,0.9)",Partner.AshBasilisk,MountWeapon.AshBasilisk,"(Item.Meat,Item.Fiber,Item.SolarOrgan)","(3,3,1)",,
MasterEcho_177_CrystalViper,177,Echo.CrystalViper,CrystalViper,ReptilesDrakesHydras SolitaryApex,Original reptilesdrakeshydras anatomy built around crystalviper ecological silhouette; not a palette variant.,Omnivore,SolitaryApex,Territorial,Biome.ScorchedObsidianCaldera,Activity.Diurnal,Solar,(Solar),Combat,3145.0,54.3,43.8,226.1,258.0,374.1,1.3,"(0,0,0,0,1,0,0,0,0,0,1,0)","(Work.Building,Work.Watering)","(Trait.Sturdy,Trait.Mythic)","(Skill.CrystalViper.Signature,Skill.CrystalViper.Utility,Skill.CrystalViper.Ultimate)","(Element.Solar,Element.Solar,Element.Solar)","(3.0,6.6,21.0)","(1.1,1.44,2.22)","(0.25,0.45,1.05)",Partner.CrystalViper,MountWeapon.CrystalViper,"(Item.Meat,Item.Fiber,Item.SolarOrgan)","(1,4,2)",,
MasterEcho_178_StormDrake,178,Echo.StormDrake,StormDrake,ReptilesDrakesHydras SolitaryApex,Original reptilesdrakeshydras anatomy built around stormdrake ecological silhouette; not a palette variant.,Carnivore,SolitaryApex,Territorial,Biome.ScorchedObsidianCaldera,Activity.Crepscular,Solar,(Solar),Combat,3171.4,54.5,43.9,226.7,271.0,392.9,1.31,"(0,2,0,0,0,2,0,0,0,0,0,0)","(Work.Gathering,Work.Cooling)","(Trait.Sturdy,Trait.Mythic)","(Skill.StormDrake.Signature,Skill.StormDrake.Utility,Skill.StormDrake.Ultimate)","(Element.Solar,Element.Solar,Element.Solar)","(3.5,7.4,22.5)","(1.11,1.45,2.22)","(0.3,0.55,1.2)",Partner.StormDrake,MountWeapon.StormDrake,"(Item.Meat,Item.Fiber,Item.SolarOrgan)","(2,5,1)",,
MasterEcho_179_DawnHydra,179,Echo.DawnHydra,DawnHydra,ReptilesDrakesHydras SolitaryApex,Original reptilesdrakeshydras anatomy built around dawnhydra ecological silhouette; not a palette variant.,Carnivore,SolitaryApex,Territorial,Biome.ScorchedObsidianCaldera,Activity.Diurnal,Solar,(Solar),Combat,3197.8,54.6,44.0,227.3,284.0,411.8,1.31,"(0,0,0,0,3,0,3,0,0,0,0,0)","(Work.Building,Work.Crafting)","(Trait.Sturdy,Trait.Mythic)","(Skill.DawnHydra.Signature,Skill.DawnHydra.Utility,Skill.DawnHydra.Ultimate)","(Element.Solar,Element.Solar,Element.Solar)","(4.0,8.2,24.0)","(1.11,1.45,2.22)","(0.35,0.65,1.35)",Partner.DawnHydra,MountWeapon.DawnHydra,"(Item.Meat,Item.Fiber,Item.SolarOrgan)","(3,6,2)",,
MasterEcho_180_RuinSerpent,180,Echo.RuinSerpent,RuinSerpent,ReptilesDrakesHydras SolitaryApex,Original reptilesdrakeshydras anatomy built around ruinserpent ecological silhouette; not a palette variant.,Omnivore,SolitaryApex,Territorial,Biome.ScorchedObsidianCaldera,Activity.Nocturnal,Solar,"(Solar,Geo)",Combat,3224.4,54.8,44.2,227.9,180.0,261.0,1.31,"(0,0,0,0,0,0,0,4,0,0,0,0)",(Work.Transport),"(Trait.Sturdy,Trait.Mythic)","(Skill.RuinSerpent.Signature,Skill.RuinSerpent.Utility,Skill.RuinSerpent.Ultimate)","(Element.Solar,Element.Geo,Element.Solar)","(2.0,9.0,12.0)","(1.11,1.45,2.23)","(0.2,0.45,0.9)",Partner.RuinSerpent,MountWeapon.RuinSerpent,"(Item.Meat,Item.Fiber,Item.SolarOrgan)","(1,2,1)",,
MasterEcho_181_Steamwyrm,181,Echo.Steamwyrm,Steamwyrm,FusionOffspring HybridSolitary,Original fusionoffspring anatomy built around steamwyrm ecological silhouette; not a palette variant.,Carnivore,HybridSolitary,Territorial,Biome.DawnMeadows,Activity.Diurnal,Geo,"(Geo,Astra)",Combat,3251.1,54.9,44.3,228.5,193.0,279.8,1.31,"(0,0,0,0,0,0,0,0,0,2,0,2)","(Work.Medicine,Work.Handiwork)","(Trait.Sturdy,Trait.Mythic)","(Skill.SuperheatedScaldFog,Skill.Steamwyrm.Utility,Skill.Steamwyrm.Ultimate)","(Element.Geo,Element.Astra,Element.Geo)","(2.5,9.8,13.5)","(1.11,1.45,2.23)","(0.25,0.55,1.05)",Partner.Steamwyrm,MountWeapon.Steamwyrm,"(Item.Meat,Item.Fiber,Item.GeoOrgan)","(2,3,2)",Echo.Pyrelite,Echo.Aquavine
MasterEcho_182_Magnetite,182,Echo.Magnetite,Magnetite,FusionOffspring HybridSolitary,Original fusionoffspring anatomy built around magnetite ecological silhouette; not a palette variant.,Carnivore,HybridSolitary,Territorial,Biome.DawnMeadows,Activity.Crepscular,Glacial,"(Glacial,Neutral)",Combat,3277.8,55.1,44.5,229.1,206.0,298.7,1.31,"(0,0,3,0,0,0,0,0,0,0,3,0)","(Work.Farming,Work.Watering)","(Trait.Sturdy,Trait.Mythic)","(Skill.RailgunCrystalSpike,Skill.Magnetite.Utility,Skill.Magnetite.Ultimate)","(Element.Glacial,Element.Neutral,Element.Glacial)","(3.0,5.0,15.0)","(1.11,1.46,2.23)","(0.3,0.65,1.2)",Partner.Magnetite,MountWeapon.Magnetite,"(Item.Meat,Item.Fiber,Item.GlacialOrgan)","(3,4,1)",Echo.Thornback,Echo.Sparkfin
MasterEcho_183_EclipseFox,183,Echo.EclipseFox,EclipseFox,FusionOffspring HybridSolitary,Original fusionoffspring anatomy built around eclipsefox ecological silhouette; not a palette variant.,Omnivore,HybridSolitary,Territorial,Biome.DawnMeadows,Activity.Diurnal,Volt,"(Volt,Astra)",Combat,3304.8,55.3,44.6,229.7,219.0,317.6,1.32,"(0,0,0,0,0,4,0,0,0,0,0,4)","(Work.Cooling,Work.Handiwork)","(Trait.Sturdy,Trait.Mythic)","(Skill.ThermalShockExplosion,Skill.EclipseFox.Utility,Skill.EclipseFox.Ultimate)","(Element.Volt,Element.Astra,Element.Volt)","(3.5,5.8,16.5)","(1.12,1.46,2.24)","(0.35,0.45,1.35)",Partner.EclipseFox,MountWeapon.EclipseFox,"(Item.Meat,Item.Fiber,Item.VoltOrgan)","(1,5,2)",Echo.Frostfox,Echo.Pyrelite
MasterEcho_184_StormRoc,184,Echo.StormRoc,StormRoc,FusionOffspring HybridSolitary,Original fusionoffspring anatomy built around stormroc ecological silhouette; not a palette variant.,Carnivore,HybridSolitary,Territorial,Biome.DawnMeadows,Activity.Nocturnal,Abyssal,"(Abyssal,Neutral)",Combat,3331.8,55.4,44.7,230.4,232.0,336.4,1.32,"(1,0,0,0,0,0,0,0,1,0,0,0)","(Work.Mining,Work.Generator)","(Trait.Sturdy,Trait.Mythic)","(Skill.TornadoLightningStrike,Skill.StormRoc.Utility,Skill.StormRoc.Ultimate)","(Element.Abyssal,Element.Neutral,Element.Abyssal)","(4.0,6.6,18.0)","(1.12,1.46,2.24)","(0.2,0.55,0.9)",Partner.StormRoc,MountWeapon.StormRoc,"(Item.Meat,Item.Fiber,Item.AbyssalOrgan)","(2,6,1)",Echo.Voltrix,Echo.Zephyros
MasterEcho_185_Volcanodon,185,Echo.Volcanodon,Volcanodon,FusionOffspring HybridSolitary,Original fusionoffspring anatomy built around volcanodon ecological silhouette; not a palette variant.,Carnivore,HybridSolitary,Territorial,Biome.DawnMeadows,Activity.Diurnal,Torrent,"(Torrent,Astra)",Combat,3358.9,55.6,44.9,231.0,245.0,355.2,1.32,"(0,2,0,0,0,0,0,0,0,0,0,2)","(Work.Gathering,Work.Handiwork)","(Trait.Sturdy,Trait.Mythic)","(Skill.VolcanicEruptionStomp,Skill.Volcanodon.Utility,Skill.Volcanodon.Ultimate)","(Element.Torrent,Element.Astra,Element.Torrent)","(2.0,7.4,19.5)","(1.12,1.46,2.25)","(0.25,0.65,1.05)",Partner.Volcanodon,MountWeapon.Volcanodon,"(Item.Meat,Item.Fiber,Item.TorrentOrgan)","(3,2,2)",Echo.Terradon,Echo.Ignisaur
MasterEcho_186_FrostThorn,186,Echo.FrostThorn,FrostThorn,FusionOffspring HybridSolitary,Original fusionoffspring anatomy built around frostthorn ecological silhouette; not a palette variant.,Omnivore,HybridSolitary,Territorial,Biome.DawnMeadows,Activity.Crepscular,Solar,"(Solar,Neutral)",Combat,3386.2,55.7,45.0,231.6,258.0,374.1,1.32,"(0,0,3,0,0,0,0,0,0,0,0,0)",(Work.Farming),"(Trait.Sturdy,Trait.Mythic)","(Skill.FrostThorn.Signature,Skill.FrostThorn.Utility,Skill.FrostThorn.Ultimate)","(Element.Solar,Element.Neutral,Element.Solar)","(2.5,8.2,21.0)","(1.12,1.47,2.25)","(0.3,0.45,1.2)",Partner.FrostThorn,MountWeapon.FrostThorn,"(Item.Meat,Item.Fiber,Item.SolarOrgan)","(1,3,1)",Echo.Glacisaur,Echo.Thornback
MasterEcho_187_ElectroPlant,187,Echo.ElectroPlant,ElectroPlant,FusionOffspring HybridSolitary,Original fusionoffspring anatomy built around electroplant ecological silhouette; not a palette variant.,Carnivore,HybridSolitary,Territorial,Biome.DawnMeadows,Activity.Diurnal,Geo,"(Geo,Astra)",Combat,3413.6,55.9,45.2,232.2,271.0,392.9,1.32,"(0,0,0,4,0,4,0,0,0,0,0,0)","(Work.Kindling,Work.Cooling)","(Trait.Sturdy,Trait.Mythic)","(Skill.ElectroPlant.Signature,Skill.ElectroPlant.Utility,Skill.ElectroPlant.Ultimate)","(Element.Geo,Element.Astra,Element.Geo)","(3.0,9.0,22.5)","(1.12,1.47,2.25)","(0.35,0.55,1.35)",Partner.ElectroPlant,MountWeapon.ElectroPlant,"(Item.Meat,Item.Fiber,Item.GeoOrgan)","(2,4,2)",,
MasterEcho_188_ShadowPhoenix,188,Echo.ShadowPhoenix,ShadowPhoenix,FusionOffspring HybridSolitary,Original fusionoffspring anatomy built around shadowphoenix ecological silhouette; not a palette variant.,Carnivore,HybridSolitary,Territorial,Biome.DawnMeadows,Activity.Nocturnal,Glacial,"(Glacial,Neutral)",Combat,3441.0,56.1,45.3,232.8,284.0,411.8,1.33,"(0,0,0,0,1,0,0,0,1,0,0,0)","(Work.Building,Work.Generator)","(Trait.Sturdy,Trait.Mythic)","(Skill.ShadowPhoenix.Signature,Skill.ShadowPhoenix.Utility,Skill.ShadowPhoenix.Ultimate)","(Element.Glacial,Element.Neutral,Element.Glacial)","(3.5,9.8,24.0)","(1.13,1.47,2.26)","(0.2,0.65,0.9)",Partner.ShadowPhoenix,MountWeapon.ShadowPhoenix,"(Item.Meat,Item.Fiber,Item.GlacialOrgan)","(3,5,1)",,
MasterEcho_189_MagmaHydra,189,Echo.MagmaHydra,MagmaHydra,FusionOffspring HybridSolitary,Original fusionoffspring anatomy built around magmahydra ecological silhouette; not a palette variant.,Omnivore,HybridSolitary,Territorial,Biome.DawnMeadows,Activity.Diurnal,Volt,"(Volt,Astra)",Combat,3468.6,56.2,45.5,233.4,180.0,261.0,1.33,"(0,0,0,0,0,2,0,0,0,0,0,2)","(Work.Cooling,Work.Handiwork)","(Trait.Sturdy,Trait.Mythic)","(Skill.MagmaHydra.Signature,Skill.MagmaHydra.Utility,Skill.MagmaHydra.Ultimate)","(Element.Volt,Element.Astra,Element.Volt)","(4.0,5.0,12.0)","(1.13,1.47,2.26)","(0.25,0.45,1.05)",Partner.MagmaHydra,MountWeapon.MagmaHydra,"(Item.Meat,Item.Fiber,Item.VoltOrgan)","(1,6,2)",,
MasterEcho_190_CrystalYeti,190,Echo.CrystalYeti,CrystalYeti,FusionOffspring HybridSolitary,Original fusionoffspring anatomy built around crystalyeti ecological silhouette; not a palette variant.,Carnivore,HybridSolitary,Territorial,Biome.DawnMeadows,Activity.Crepscular,Abyssal,"(Abyssal,Neutral)",Combat,3496.4,56.4,45.6,234.0,193.0,279.8,1.33,"(0,0,3,0,0,0,3,0,0,0,0,0)","(Work.Farming,Work.Crafting)","(Trait.Sturdy,Trait.Mythic)","(Skill.CrystalYeti.Signature,Skill.CrystalYeti.Utility,Skill.CrystalYeti.Ultimate)","(Element.Abyssal,Element.Neutral,Element.Abyssal)","(2.0,5.8,13.5)","(1.13,1.48,2.26)","(0.3,0.55,1.2)",Partner.CrystalYeti,MountWeapon.CrystalYeti,"(Item.Meat,Item.Fiber,Item.AbyssalOrgan)","(2,2,1)",,
MasterEcho_191_PlasmaWolf,191,Echo.PlasmaWolf,PlasmaWolf,FusionOffspring HybridSolitary,Original fusionoffspring anatomy built around plasmawolf ecological silhouette; not a palette variant.,Carnivore,HybridSolitary,Territorial,Biome.DawnMeadows,Activity.Diurnal,Torrent,"(Torrent,Astra)",Combat,3524.2,56.6,45.7,234.6,206.0,298.7,1.33,"(0,0,0,0,0,4,0,4,0,0,0,0)","(Work.Cooling,Work.Transport)","(Trait.Sturdy,Trait.Mythic)","(Skill.PlasmaWolf.Signature,Skill.PlasmaWolf.Utility,Skill.PlasmaWolf.Ultimate)","(Element.Torrent,Element.Astra,Element.Torrent)","(2.5,6.6,15.0)","(1.13,1.48,2.27)","(0.35,0.65,1.35)",Partner.PlasmaWolf,MountWeapon.PlasmaWolf,"(Item.Meat,Item.Fiber,Item.TorrentOrgan)","(3,3,2)",,
MasterEcho_192_VoidWyrm,192,Echo.VoidWyrm,VoidWyrm,FusionOffspring HybridSolitary,Original fusionoffspring anatomy built around voidwyrm ecological silhouette; not a palette variant.,Omnivore,HybridSolitary,Territorial,Biome.DawnMeadows,Activity.Nocturnal,Solar,"(Solar,Neutral)",Combat,3552.2,56.7,45.9,235.2,219.0,317.6,1.33,"(0,0,0,0,0,0,0,0,1,0,0,0)",(Work.Generator),"(Trait.Sturdy,Trait.Mythic)","(Skill.VoidWyrm.Signature,Skill.VoidWyrm.Utility,Skill.VoidWyrm.Ultimate)","(Element.Solar,Element.Neutral,Element.Solar)","(3.0,7.4,16.5)","(1.13,1.48,2.27)","(0.2,0.45,0.9)",Partner.VoidWyrm,MountWeapon.VoidWyrm,"(Item.Meat,Item.Fiber,Item.SolarOrgan)","(1,4,1)",,
MasterEcho_193_MudBehemoth,193,Echo.MudBehemoth,MudBehemoth,FusionOffspring HybridSolitary,Original fusionoffspring anatomy built around mudbehemoth ecological silhouette; not a palette variant.,Carnivore,HybridSolitary,Territorial,Biome.DawnMeadows,Activity.Diurnal,Geo,"(Geo,Astra)",Combat,3580.2,56.9,46.0,235.8,232.0,336.4,1.34,"(0,0,0,0,0,0,0,0,0,2,0,2)","(Work.Medicine,Work.Handiwork)","(Trait.Sturdy,Trait.Mythic)","(Skill.MudBehemoth.Signature,Skill.MudBehemoth.Utility,Skill.MudBehemoth.Ultimate)","(Element.Geo,Element.Astra,Element.Geo)","(3.5,8.2,18.0)","(1.14,1.48,2.27)","(0.25,0.55,1.05)",Partner.MudBehemoth,MountWeapon.MudBehemoth,"(Item.Meat,Item.Fiber,Item.GeoOrgan)","(2,5,2)",,
MasterEcho_194_SolarMantis,194,Echo.SolarMantis,SolarMantis,FusionOffspring HybridSolitary,Original fusionoffspring anatomy built around solarmantis ecological silhouette; not a palette variant.,Carnivore,HybridSolitary,Territorial,Biome.DawnMeadows,Activity.Crepscular,Glacial,"(Glacial,Neutral)",Combat,3608.4,57.0,46.2,236.4,245.0,355.2,1.34,"(0,0,3,0,0,0,0,0,0,0,3,0)","(Work.Farming,Work.Watering)","(Trait.Sturdy,Trait.Mythic)","(Skill.SolarMantis.Signature,Skill.SolarMantis.Utility,Skill.SolarMantis.Ultimate)","(Element.Glacial,Element.Neutral,Element.Glacial)","(4.0,9.0,19.5)","(1.14,1.49,2.28)","(0.3,0.65,1.2)",Partner.SolarMantis,MountWeapon.SolarMantis,"(Item.Meat,Item.Fiber,Item.GlacialOrgan)","(3,6,1)",,
MasterEcho_195_GlacialGolem,195,Echo.GlacialGolem,GlacialGolem,FusionOffspring HybridSolitary,Original fusionoffspring anatomy built around glacialgolem ecological silhouette; not a palette variant.,Omnivore,HybridSolitary,Territorial,Biome.DawnMeadows,Activity.Diurnal,Volt,"(Volt,Astra)",Combat,3636.7,57.2,46.3,237.0,258.0,374.1,1.34,"(0,0,0,0,0,4,0,0,0,0,0,4)","(Work.Cooling,Work.Handiwork)","(Trait.Sturdy,Trait.Mythic)","(Skill.GlacialGolem.Signature,Skill.GlacialGolem.Utility,Skill.GlacialGolem.Ultimate)","(Element.Volt,Element.Astra,Element.Volt)","(2.0,9.8,21.0)","(1.14,1.49,2.28)","(0.35,0.45,1.35)",Partner.GlacialGolem,MountWeapon.GlacialGolem,"(Item.Meat,Item.Fiber,Item.VoltOrgan)","(1,2,2)",,
MasterEcho_196_SolarixAlpha,196,Echo.SolarixAlpha,SolarixAlpha,CelestialOverlords RaidSovereign,Original celestialoverlords anatomy built around solarixalpha ecological silhouette; not a palette variant.,Carnivore,RaidSovereign,Territorial,Biome.DawnMeadows,Activity.Nocturnal,Solar,"(Solar,Astra)",Combat,45000,86.9,61.2,237.6,271.0,392.9,1.34,"(0,2,0,0,0,0,0,0,0,2,0,0)","(Work.Gathering,Work.Medicine)","(Trait.Alpha,Trait.Mythic)","(Skill.SupernovaCleave,Skill.SolarixAlpha.Utility,Skill.SolarixAlpha.Ultimate)","(Element.Solar,Element.Astra,Element.Solar)","(2.5,5.0,22.5)","(1.14,1.49,2.29)","(0.2,0.55,0.9)",Partner.SolarixAlpha,MountWeapon.SolarixAlpha,"(Item.Meat,Item.Fiber,Item.SolarOrgan,Item.AncientAstraSchematic)","(2,3,1,1)",,
MasterEcho_197_LeviathanPrime,197,Echo.LeviathanPrime,LeviathanPrime,CelestialOverlords RaidSovereign,Original celestialoverlords anatomy built around leviathanprime ecological silhouette; not a palette variant.,Carnivore,RaidSovereign,Territorial,Biome.DawnMeadows,Activity.Diurnal,Torrent,"(Torrent,Astra)",Combat,85000,87.2,61.4,238.2,284.0,411.8,1.34,"(3,0,3,0,0,0,0,0,0,0,0,0)","(Work.Mining,Work.Farming)","(Trait.Alpha,Trait.Mythic)","(Skill.MaelstromTsunami,Skill.LeviathanPrime.Utility,Skill.LeviathanPrime.Ultimate)","(Element.Torrent,Element.Astra,Element.Torrent)","(3.0,5.8,24.0)","(1.14,1.49,2.29)","(0.25,0.65,1.05)",Partner.LeviathanPrime,MountWeapon.LeviathanPrime,"(Item.Meat,Item.Fiber,Item.TorrentOrgan,Item.AncientAstraSchematic)","(3,4,2,1)",,
MasterEcho_198_IgnisaurOverlord,198,Echo.IgnisaurOverlord,IgnisaurOverlord,CelestialOverlords RaidSovereign,Original celestialoverlords anatomy built around ignisauroverlord ecological silhouette; not a palette variant.,Omnivore,RaidSovereign,Territorial,Biome.DawnMeadows,Activity.Crepscular,Solar,"(Solar,Astra)",Combat,140000,87.4,61.6,238.8,180.0,261.0,1.35,"(0,0,0,4,0,0,0,0,0,0,0,0)",(Work.Kindling),"(Trait.Alpha,Trait.Mythic)","(Skill.CataclysmicEarthbreak,Skill.IgnisaurOverlord.Utility,Skill.IgnisaurOverlord.Ultimate)","(Element.Solar,Element.Astra,Element.Solar)","(3.5,6.6,12.0)","(1.15,1.5,2.29)","(0.3,0.45,1.2)",Partner.IgnisaurOverlord,MountWeapon.IgnisaurOverlord,"(Item.Meat,Item.Fiber,Item.SolarOrgan,Item.AncientAstraSchematic)","(1,5,1,1)",,
MasterEcho_199_CryovexGlaciar,199,Echo.CryovexGlaciar,CryovexGlaciar,CelestialOverlords RaidSovereign,Original celestialoverlords anatomy built around cryovexglaciar ecological silhouette; not a palette variant.,Carnivore,RaidSovereign,Territorial,Biome.DawnMeadows,Activity.Diurnal,Glacial,"(Glacial,Astra)",Combat,200000,87.7,61.8,239.4,193.0,279.8,1.35,"(0,0,0,0,1,0,1,0,0,0,0,0)","(Work.Building,Work.Crafting)","(Trait.Alpha,Trait.Mythic)","(Skill.AbsoluteZeroFreeze,Skill.CryovexGlaciar.Utility,Skill.CryovexGlaciar.Ultimate)","(Element.Glacial,Element.Astra,Element.Glacial)","(4.0,7.4,13.5)","(1.15,1.5,2.3)","(0.35,0.55,1.35)",Partner.CryovexGlaciar,MountWeapon.CryovexGlaciar,"(Item.Meat,Item.Fiber,Item.GlacialOrgan,Item.AncientAstraSchematic)","(2,6,2,1)",,
MasterEcho_200_AstralosTheFirstDawn,200,Echo.AstralosTheFirstDawn,Astralos The First Dawn,CelestialOverlords RaidSovereign,Original celestialoverlords anatomy built around astralosthefirstdawn ecological silhouette; not a palette variant.,Carnivore,RaidSovereign,Territorial,Biome.DawnMeadows,Activity.Nocturnal,Astra,(Astra),Combat,350000,88.0,62.0,240.0,206.0,298.7,1.35,"(0,0,0,0,0,2,0,0,0,2,0,0)","(Work.Cooling,Work.Medicine)","(Trait.Alpha,Trait.Mythic)","(Skill.CelestialRadiance,Skill.AstralosTheFirstDawn.Utility,Skill.AstralosTheFirstDawn.Ultimate)","(Element.Astra,Element.Astra,Element.Astra)","(2.0,8.2,15.0)","(1.15,1.5,2.3)","(0.2,0.65,0.9)",Partner.AstralosTheFirstDawn,MountWeapon.AstralosTheFirstDawn,"(Item.Meat,Item.Fiber,Item.AstraOrgan,Item.AncientAstraSchematic)","(3,2,1,1)",,
